ID,Titulo,Artista,Album,Genero,Año,Letra,Audio_Path
1,NUEVAYoL,Bad Bunny,DeBÍ TiRAR MáS FOToS,World,2025-01-04,"Nueva Yol
Si te quieres divertir
Con encanto y con primor
Solo tienes que vivir (¿Pa' dónde?)
Un verano en Nueva York (Nueva York)
Si te quieres divertir
Con encanto y con primor (¿Pero qué es esto?)
Solo tienes que vivir (¿Y este frío?)
Un verano en Nueva York (un ratito na' má')
Ey, ey, ey, 4 de julio, 4th de July
Ando con mi primo, borracho, rulay
Los mío' en El Bronx saben la que hay
Con la nota en high por Washington Heights
Willie Colón, me dicen ""el malo"", ey
Porque pasan los año' y sigo dando palo'
Vendiendo disco' como cuadro' Frida Kahlo
El perico es blanco, sí, sí
El tusi rosita, eh, eh
No te confunda', no, no
Mejor evita, ey
Un shot de cañita en casa de Toñita
Y PR se siente cerquita
Sí, sí, sí
Tengo el campeonato, nadie me lo quita
¿Cómo Bad Bunny va a ser rey del pop, ey
Con reggaetón y dembow? Ey
Con reggaetón y dembow, sí
Con reggaetón y dembow
¿Cómo Bad Bunny va a ser rey del pop, ey
Con reggaetón y dembow?
Me siento como el Lápiz en ""Capea El Dough""
Cuando yo nací, fue que nació el flow
De lao' a lao', ping-pong
Un flow pesao', Big Pun
Con silenciador les robamo' las gata'
James Bond, ey
Yo estoy en la mía, no tengo adversario, no
Con Los Yankee' y Los Met', Juan Soto
A correr, que otra ve' la sacamo' 'el estadio (ey)
Si te quieres divertir (ey, ey, ey, ey, ey, eye, ey)
Con encanto y con primor (ey, ey, ey, ey, ey, eye, ey)
Solo tienes que vivir (ya mismo nos vamo')
Un verano en Nueva (un ratito má', un ratito)
Shh, cuidao', que nadie nos escuche
Shh, cuidao', que nadie nos escuche
Shh, cuidao', que nadie nos escuche
Shh, cuida-
Tú tiene' piquete, mami, yo también
Tú estás buena, yo estoy bueno también
Huelo rico y ando con los de cien
Si tú lo quiere', lo tiene' que mover
Tú tiene' piquete, mami, yo también
Tú estás buena, yo estoy bueno también
Huelo rico y ando con los de cien
Si tú lo quiere', lo tiene' que mover
Lo tiene' que move'-ve'-ve'-ve'-ve'-ve'-ve'-ve'-ve'-ve'-ve'-ve'
Lo tiene' que move'-ve'-ve'-ve'-ve'-ve'-ve'-ve'-ve'-ve'-ve'-ve'
Lo tiene' que move'-ve'-ve'-ve'-ve'-ve'-ve'-ve'-ve'-ve'-ve'-ve'
Lo tiene' que move'-ve'-ve'-ve'-ve'-ve'-ve'-ve'-ve'-ve'-ve'-ve'-ve'-ve'-ve'
Shh",audio/01. Bad Bunny - NUEVAYoL.flac
2,LUZ DE LUNA,HUMBE,DUEÑO DEL CIELO,Desconocido,2025-12-06,"Yo no sé, no me siento a salvo
¿Será que me faltas aquí?
Solamente nos veo en retratos
Decoran mi mente al dormir
Y regresas como ángel guiando
Absorbes el peso de mí
Y es por ti que yo encontré mi casa
Un cuarto seguro en ti
Poco lo que te digo y tanto me callo
Cuando estoy alejado voy apagando toda
Cuánta dificultad estar alineado
Mírame, yo no quiero estar enviciado
Aunque yo te pruebo y siento un level up
Noches en Miami, sentirme en lo alto
Darme una medalla, otro día, otro maratón
Llegar a la raya, brazos extendidos
Pecho al cielo, que ahora soy campeón
Ahora soy campeón, bañado en luces neón
Luz de luna, luz del sol, bendición de Dios
Bendición, bendición, bendición de Dios
Por amor voy vendiendo mi alma
Más bajas que altas aquí
Es contigo que nada me falta
Combino perfecto en ti
Dicta el tiempo lo que siento
Cada movimiento, entretenimiento
Un producto perfecto, uoh-oh
Consecuencia de tanto talento
Especial de nacimiento y aún no lo sabe, no lo sabe
Lucha en el fuego y no le arde
Camina en el cielo con la única meta de encontrarse
Con su ángel, que alguien lo ame
Que lo toque y sienta un level up
Noches en Miami, sentirse en lo alto
Darle una medalla, otro día, otro maratón
Llegar a la raya, brazos extendidos
Pecho al cielo, que va a ser campeón
Él va a ser campeón, bañado en luces neón
Luz de luna, luz del sol, bendición de Dios
Bendición, bendición, bendición de Dios, mmm
Luz de luna, luz del sol
Luz que viene, luz que soy
Luz de luna, luz del sol
Luz que viene, luz de Dios
Luz de luna, luz del sol
Luz que viene, luz que soy
Luz de luna, luz del sol
Luz que viene, luz de Dios
Luz de luna, luz del sol
Cúbreme en tu manto, llévame con Dios
Dame luz de luna, luz del sol
Rodéame en tu espíritu y toma el control
Dame un vistazo a otra dimensión
Dame nubes en mi propia habitación
Dame luz de luna, luz del sol
Muéstrame otra constelación
Guíame a la reencarnación
Vuélveme dueño de algo mejor
Dame luz de luna, luz del sol
Cúbreme en tu manto, llévame con Dios, dame
Dame luz de luna, dame luz de luna
Luz de luna
Luz del sol
Luz de luna
Luz del sol
Luz de luna",audio/01. HUMBE - LUZ DE LUNA.flac
3,BLOOD.,Kendrick Lamar,DAMN.,Hip-Hop/Rap,2017-04-13,"Is it wickedness?
Is it weakness?
You decide
Are we gonna live or die?
So I was takin' a walk the other day
And I seen a woman, a blind woman
Pacin' up and down the sidewalk
She seemed to be a bit frustrated
As if she had dropped somethin' and
Havin' a hard time findin' it
So after watchin' her struggle for a while
I decide to go over and lend a helping hand, you know?
""Hello, ma'am, can I be of any assistance?
It seems to me that you have lost something
I would like to help you find it""
She replied
""Oh yes, you have lost something, you've lost your life""
Is it wickedness?
Uh, Lamar stated his views
Uh, Lamar stated his views
Uh, Lamar stated his views
Uh, Lamar stated his views
Uh, Lamar stated his views on police brutality with that line in the song
Quote ""and we hate the popo, wanna kill us in the street fo' sho'""
Oh please, ugh, I don't like it",audio/01. Kendrick Lamar - BLOOD..flac
4,St. Chroma,"Tyler, The Creator",CHROMAKOPIA,Hip-Hop/Rap,2024-10-27,"you are the light
it's not on you, it's in you
don't you ever in your life
dim your light for nobody
chromakopia
chromakopia
chromakopia
chromakopia
chromakopia
chromakopia
chromakopia
chromakopia
chromako-
calm down sit still that's one mil for each wheel
top down big deal how the he do that?
what the i look like? get the up out him way
hawthorne is where him from another planet where him stay
15 cash for that new fort i had guap since 19
i popped out like chi ching i think i'm a got damn fiend
really balling in this i'm the hardest in this
give a about no bark i'm chasing dogs up in this
el segundo felt like colosseum
p said i could do it too and boy did i believe him
i built a path to freedom cause them words that he said
give a about traditions stop impressing the dead
i'm gon make it promise i'm gon make it out
mama i'm gon make it out i'm gon make it out
i ain't never had a doubt inside me
and if i ever told you that i did i'm lying
can you feel the light inside?
can you feel that fire? (can you feel it? can you feel it? Oh)
oh, fire (can you feel it? can you feel it? ooh, oh) fire
can you feel the light (inside) inside?
can you feel that fire? (can you feel it?)
oh, fire (fire), fire (ooh)
Chromakopia (yeah, yeah)
Chromakopia (whoo)
Chromakopia (yeah, yeah)
Chromakopia
okay, i am just a box with the light of thunder in me
gratitude sit under the hubris that's on my sleeve
mama said i'm hmmm mm special i was hmm mm
blowing up at home back in chromakopia hmmm hmmm
i don't (I don't), like the (like the), way that this is looking (no)
mirror got me (got me), thinking about my bookend (I'm done)
i just need this time to myself to figure me out out
do i keep the light on or do i gracefully bow out?
you see me, bro
don't you ever stop bein' who you are (oh, oh, oh, oh)
And dimmin' your light for none of these out here
can you feel the light inside?
can you feel that fire? (Oh, oh, oh, oh)
fire (oh, oh, oh, oh)
fire
can you feel the light inside?
can you feel that fire? (Oh, oh, oh, oh)","audio/01. Tyler, The Creator - St. Chroma.flac"
5,VOY A LLeVARTE PA PR,Bad Bunny,DeBÍ TiRAR MáS FOToS,World,2025-01-04,"Acho, PR es otra cosa
Yo la conocí en Miami, en Brickell
Ella sabe que aquí hay tique
Quiere que yo se la aplique
Que pa casa la trafique
Vo'a llevarte pa PR
Mami, pa que veas cómo es que se perrea
Tráete a tu amiga si te gusta la idea
Dile que esta noche vamo a janguear
Que rico la vamo a pasar
Aquí nadie se va a casar
Pero tú te vas a querer quedar (hey, hey)
Aprovecha que estoy soltero, ay, single
Mírame mal si quieres que te singue
Te vo'a llevar pa PR to el finde
Después de mí, vas a borrar Tinder
Y estoy suelto, mami, estoy suelto
Mírame ahora, perreando un experto
Estoy suelto, mami, estoy suelto
Hey, hey, hey
Hoy la calle está prendí'a, hookah, pastilla molí'a
Yo no pierdo tiempo, yo las cambio como Rosalía
La que me mira a los ojos por cinco segundos, ya yo sé que es mía
¿Dónde están las mala' que son bienvenía'?
Toy puesto pa'l lío, dime si tú lía'
Tus amiga' y to el corillo están bien rica'
Pero ese culo tuyo, guau, sobresalía
Salimos de la disco y estaba de día
Obviamente, salí con la que quería
Hey, que viva la putería
Dale p'atrá, p'atrá, tantán, chulería
Hey
Dime si te vas a montar
Pa la isla tengo el portal
Bien borracho' los tres
Baby, a las do' me las vo'a llevar
Oh, oh, me quiere besar
Ja, yo que la puse mal
Tírate fotitos ahora
Porque ahorita te vo'a despeinar
Yeh-eh-eh-eh-eh
Vo'a llevarte pa PR
Mami, pa que veas cómo es que se perrea
Tráete a tu amiga si te gusta la idea
Dile que esta noche vamo a janguear
Que rico la vamo a pasar
Aquí nadie se va a casar
Pero tú te vas a querer quedar
Yeh, yeh, sí, sí
Esto es PR, mami
Aquí nací yo
Y el reguetón, pa que sepa' (hey, hey, hey)
Voy cazando y muero perreando
Voy cazando y muero perreando
Voy cazando y muero perreando
Que bailen toa las gata', nos fuimo al garete
Tas escuchando el que más le mete
Dale, mami, suéltate el grillete
Ponte en cuatro, que te vo'a dar fuete
Ponte en cuatro, que te vo'a dar fue-",audio/02. Bad Bunny - VOY A LLeVARTE PA PR.flac
6,50mm,HUMBE,DUEÑO DEL CIELO,Desconocido,2025-12-06,"Enfócame bien
Usa el cincuenta pa' capturar cómo me ves
Que el fondo pierda todo detalle, déjame ser
Un estelar en tu cabeza, quiero poder
Manifestarme cerca de ti, estés donde estés
Junto a mi cama
Tengo una foto que tomé con Leica M6
Yo no sabía que no habría otra después
Y la revelé
Se ha vuelto difícil verla conmigo al amanecer
Te recuerdo siempre
Y me entra la duda si tú me extrañas como yo te extraño
O si el cuerpo tuyo sigue pidiendo a gritos por mis manos
Piel adormecida que quiere despertar
Quiero revivirla, pero me faltas tú
Aún faltas tú-uh-uh-uh-uh
Aún me faltas tú-uh-uh-uh-uh
Ah-ah-ah-ah-ah-ah-ah-ah-ah
Aún me faltas tú
Hay luces tan azules
Tu perfume me seduce
Me recuerda a ese verano del 22 en las nubes
Cuando vivía feliz así
Con los ojos casi cerrados yo te besaba
Entreabiertos para no perderme nada
Qué ironía que hoy me falte tu mirada
Solo queda imaginarme tu llegada
Y enfocarte bien
Uso el cincuenta pa' retratar lo bien que te ves
Quizás esta vez podamos volvernos a conocer
Volvernos a ver, bailar otra vez
Juntos en la isla, lleva tu Leica
Enfócame bien
Usa el cincuenta pa' capturar cómo me ves
Que el fondo pierda todo detalle, déjame ser
Un estelar en tu cabeza, quiero poder
Manifestarme cerca de ti, estés donde estés
Enfócame bien
Enfócame bien
Enfócame bien
Enfócame, enfócame bien, mmm
Enfócame bien, ven, enfócame
Ah-ah-ah-ah-ah-ah
Enfócame, enfoca
Enfoca y desenfoca
Oh-oh-oh-oh-oh
Quiero ver lo bien que me ves",audio/02. HUMBE - 50mm.flac
7,DNA.,Kendrick Lamar,DAMN.,Hip-Hop/Rap,2017-04-13,"I got, I got, I got, I got
Loyalty, got royalty inside my DNA
Quarter piece, got war, and peace inside my DNA
I got power, poison, pain, and joy inside my DNA
I got hustle, though, ambition flow inside my DNA
I was born like this
Since one like this, immaculate conception
I transform like this, perform like this
Was Yeshua new weapon
I don't contemplate, I meditate
Then off your-, off your head
This that put-the-kids-to-bed
This that I got, I got, I got, I got
Realness, I just kill sh- 'cause it's in my DNA
I got millions, I got riches buildin' in my DNA
I got dark, I got evil that rot inside my DNA
I got off, I got troublesome heart inside my DNA
I just win again, then, win again like Wimbledon I serve
Yeah, that's him again, the sound that engine in is like a bird
You see fireworks and Corvette tire skrrt the boulevard
I know how you work, I know just who you are
See, you's a, you's a, you's a
B-, your hormones prolly switch inside your DNA
Problem is, all that sucker shit inside your DNA
Daddy prolly snitched, heritage inside your DNA
Backbone don't exist, born outside a jellyfish, I gauge
See, my pedigree most definitely don't tolerate the front
Sh- I've been through prolly offend you
This is Paula's oldest son
I know murder, conviction, burners, boosters
Burglars, ballers, dead, redemption
Scholars, fathers dead with kids, and
I wish I was fed forgiveness
Yeah, yeah, yeah, yeah, soldier's DNA (I'ma soldier DNA)
Born inside the beast
My expertise checked out in second grade
When I was nine, on cell, motel
We didn't have nowhere to stay
At 29, I've done so well, hit cartwheel in my estate
And I'm gon' shine like I'm supposed to antisocial, extrovert
And excellent mean the extra work
And absentness what the fuck you heard
And pessimists never struck my nerve
And Nazareth gonna plead this case
The reason my power's here on earth
Salute the truth, when the prophet say
I-I got loyalty, got royalty inside my DNA (this is why I say that hip hop)
(Has done more damage to young African Americans) (I got loyalty, got royalty inside my DNA)
I live a better life, I'm rollin' several dice, f- your life
(Than racism in recent years) (I got loyalty, got royalty inside my DNA)
(I live a be-, - your life)
This is my heritage, all I'm inheritin' (five, four, three, two, one)
Money and power, the Mecca of marriages
Tell me somethin' (give me some ganja)
You motherfuckers can't tell me nothin'
I'd rather die than to listen to you
My DNA not for imitation, your DNA, an abomination
This how it is when you're in the Matrix
Dodgin' bullets, reapin' what you sow
And stackin' up the footage, livin' on the go, and sleepin' in a villa
Sippin' from a Grammy and walkin' in the buildin'
Diamond in the ceilin', marble on the floors
Beach inside the window, peekin' out the window
Baby in the pool, godfather goals
Only Lord knows I've been goin' hammer
Dodgin' paparazzi, freakin' through the cameras
Eat at Four Daughters, Brock wearin' sandals
Yoga on a Monday, stretchin' to Nirvana
Watchin' all the snakes, curvin' all the fakes
Phone never on, I don't conversate
I don't compromise, I just penetrate
Sex, money, murder, these are the breaks
These are the times, level number nine
Look up in the sky, .10 is on the way
Sentence on the way, killings on the way
Motherf-ker, I got winners on the way
You ain't sh- without a body on your belt
You ain't sh- without a ticket on your plate
You ain't sick enough to pull it on yourself
You ain't rich enough to hit the lot and skate
Tell me when destruction gonna be my fate
Gonna be your fate, gonna be our faith?
Peace to the world, let it rotate
Sex, money, murder, our DNA",audio/02. Kendrick Lamar - DNA..flac
8,Rah Tah Tah,"Tyler, The Creator",CHROMAKOPIA,Hip-Hop/Rap,2024-10-27,"She ain't never met no one who talk like that
And if you hang up on a nigga, bitch, I'll call right back (yeah, uh)
Roll my windows up, darlin', roll them windows up
Biscuit-ass niggas wonder how I got my jiffy up
Crib so damn big, I need a diaper and a sippy cup (wah)
Someone tell Zendaya, she my favorite, can she hit me up?
Ha-ha-ha-ha, when I double-park the LaF'
That rah-tah-tah-tah, bitch, I'm steppin' on the gas (vroom)
She ain't never met no one who talk like that (I don't really know)
And if you hang up on a nigga, bitch, I'll call right back, yeah (yeah, uh)
Wipe that silly grin (mm), bitch, I'm really him (mm)
You better put them palms together, bitch, I really sin (mm)
No, me and crack don't share daddies, but we really twins (okay)
If she ain't got her shit together, she ain't gettin' in (okay)
You see the bed top bunker, the boy got thumpers
I'm a bonafide face seat, box muncher
She ain't never met no one who talk like that (I want that pussy)
And if you hang up on a nigga, bitch, I'll call right back (mwah, yeah)
Never in the Hamptons dick-ridin' in the white fit (nah)
Never raise a hand, the strap on 'em like a dyke bitch
This dark work like night shift, I'm thunder, I light shit (pew)
I flood this, I flood that
I swim good, I'm Pisces (I'm a fish)
Hey, T, why you actin' hard? I'm like, ""Baby, please
I ain't tough, I just thumbs up like I'm scrollin' feed""
She ain't never met no one who talk like that (nigga, I'm pussy)
And if you hang up on a nigga, bitch, I'll call right back (yeah)
Roll my windows up, darlin', roll them windows up
Never let them see the color, model, make of semi truck (don't tell them a thing)
Fuck it, fuck your shimmy up, yeah, fuck your shimmy up
Celebrate, it's your birthday, get your pennies up (uh)
Bitch, you bossin' up, nah, we really bossin' up
I could never ride no Hellcat, shit don't cost enough
Twenty thousand on me (vroom), hunnid thousand on me (uh)
Fifty thousand on me (mm-hmm), a couple thousand on me (yeah)
You movin' sloppy if you get that sloppy where you sleep at
Never tell them niggas or those women where you breathe at (never)
If my ex is spillin' tea about me, don't you drink that
And don't you call me brother, I just met you, you can keep that
With these type of views, it ain't no service on my two-way
So you don't have to call, I'm Usher Raymond on a Tuesday
With twenty thousand on me (mm), hunnid thousand on me (uh)
Fifty thousand on me (mm-hmm), a couple thousand on me
Brodie said his job to- for me, he the cameraman
They hoes went to Leuzinger, I skated to Hamilton
I had that S dome, was gettin' pressed and almost packed out (where you from, man?)
Me and Lionel Boyce in drama class, my boy can act now (mm)
Was really Odd Future, all them other niggas whacked out
The biggest out the city after Kenny, that's a fact now
She ain't never met no one who talk like that (bitch)
And if you hang up on a nigga, bitch, I'll call right back (yeah)
Them niggas used to press me on a carrot-colored bus
(I'm not with that shit, cuh, aight?)
That's why I'm paranoid now 'cause niggas weird and really bums
I'm paranoid now 'cause niggas weird and really bums (uh, uh, uh)
I'm paranoid now 'cause niggas weird and really bums
I'm paranoid now 'cause niggas weird and really bums, I'm-","audio/02. Tyler, The Creator - Rah Tah Tah.flac"
9,BAILE INoLVIDABLE,Bad Bunny,DeBÍ TiRAR MáS FOToS,World,2025-01-04,"Pensaba que contigo iba a envejecer
En otra vida, en otro mundo podrá ser
En esta solo queda irme un día
Y solamente verte en el atardecer
Si me ven solo y triste, no me hablen
Si me ven solo y triste, soy culpable
La vida es una fiesta que un día termina
Y fuiste tú mi baile inolvidable
Y fuiste tú mi baile inolvidable
Eh
Eh
Pensaba que contigo iba a envejecer
En otra vida, en otro mundo podrá ser
En esta solo queda irme un día
Y ver pa'l cielo a ver si te veo caer
Si me ven solo y triste, no me hablen
Si me ven solo y triste, soy culpable
La vida es una fiesta que un día termina
Y fuiste tú mi baile inolvidable
No, no te puedo olvidar
No, no te puedo borrar
Tú me enseñaste a querer
Me enseñaste a bailar
No, no te puedo olvidar
No, no te puedo borrar
Tú me enseñaste a querer
Me enseñaste a bailar
Yeah-yeah-yeah-yeah, ey
Dime cómo le hago pa' olvidarte
Hay un paso nuevo que quiero enseñarte
En las noche' ya ni puedo dormir
Lo que hago es soñarte
No, no te puedo olvidar
No, no te puedo borrar
Tú me enseñaste a querer
Me enseñaste a bailar
Cómo tú me besabas, cómo yo te lo hacía
Cómo tú me mirabas, bellaquito me ponía
Se siente feo no tenerte cerquita
La nueva mama bien, pero no es tu boquita
Mi diabla, mi ángel, mi loquita
Mi diabla, mi ángel, mi loquita, ey
No, no te puedo olvidar
No, no te puedo borrar
Tú me enseñaste a querer
Me enseñaste a bailar
Ay, yo con cualquiera me puedo acostar
Pero no con cualquiera quiero despertar
Sólo con usted, con usted
Yo bailo con usted, na' más con usted
Un beso donde estés, donde estés, bebé
No, no te puedo olvidar
No, no te puedo borrar
Tú me enseñaste a querer
Me enseñaste a bailar
Y yo he tenío' muchas novia'
Pero como tú, ninguna
Ya no tengo mi sol, me paso en la luna
Si te pienso, me tiro de una
Eh, mi diabla, mi ángel, mi loquita
Mi diabla, mi ángel, mi loquita, eh",audio/03. Bad Bunny - BAILE INoLVIDABLE.flac
10,HERA,HUMBE,DUEÑO DEL CIELO,Desconocido,2025-12-06,"Mmm, mmm
Mmm, mmm
Mmm-mmm-mmm-mmm
Mmm-mmm-mmm-mmm
Mmm-mmm-mmm-mmm
Tengo que buscarme ambiciones más grandes
Tanto tiempo de guardarme
Vivo en sombras viendo lo que haces
Dejando paciencia de sobra para volver
Hay cosas que hacer, tengo que reaparecer
Debo abrir mi mente y no perder jeta antes de tiempo
Me tengo miedo
Es que este lado mío no sé, yo no lo recuerdo
Mi maldición
Mi bendición
Sueño y no estoy durmiendo
Precavido y atento
Que yo te cuido y te tengo
En la mira
Listo para disparar
A quien se te quiera cruzar
Entiende no voy a jugar con mi paz
Que no se te olvide otra vez o en tu piel va a quedar
Every time you fall apart
I'm gonna save
All the pieces coming down my way
Even when my hands can't hold the weight
Every time you fall apart
I'm gonna save
All the pieces coming down my way
Even when my hands can't hold the weight
(Yo me tiré muchas relaciones por cabezona)
(Y de verdad no te lo recomiendo)
(No le permitas a tu cabeza suponer)
(Porque esas son suposiciones)
(No son realidades)",audio/03. HUMBE - HERA.flac
11,YAH.,Kendrick Lamar,DAMN.,Hip-Hop/Rap,2017-04-13,"New shit, new Kung Fu Kenny
I got so many theories and suspicions
I'm diagnosed with real nigga conditions
Today is the day I follow my intuition
Keep the family close, get money, fuck bitches
I double-parked the Aston in the red
My momma told me that I'ma work myself to death
My girl told me don't let these hoes get in my head
My world been ecstatic, I checked the signal that read
Buzzin', radars is buzzin'
Yah, yah, yah, yah
Yah, yah, yah, yah, yah, yah
Buzzin', radars is buzzin'
Yah, yah, yah, yah
Yah, yah, yah, yah, yah, yah
Interviews wanna know my thoughts and opinions
Fox News wanna use my name for percentage
My latest muse is my niece, she worth livin'
See me on the TV and scream: ""That's Uncle Kendrick!""
Yeah, that's the business (Uno)
Somebody tell Geraldo this nigga got some ambition
I'm not a politician, I'm not 'bout a religion
I'm a Israelite, don't call me black no mo'
That word is only a color, it ain't facts no mo'
My cousin called, my cousin Carl Duckworth
Said know my worth
And Deuteronomy say that we all been cursed
I know He walks the Earth
But it's money to get, bitches to hit, yah
Zeroes to flip, temptation is, yah
First on my list, I can't resist, yah
Everyone together now, know that we forever
Buzzin', radars is buzzin'
Yah, yah, yah, yah
Yah, yah, yah, yah, yah, yah
Buzzin', radars is buzzin'
Yah, yah, yah, yah
Yah, yah, yah, yah, yah, yah",audio/03. Kendrick Lamar - YAH..flac
12,Noid,"Tyler, The Creator",CHROMAKOPIA,Hip-Hop/Rap,2024-10-27,"Things feel out of order
Look and look around, I'm not sure of
Pair of paranoia, no
I can feel it in my aura
Living between cameras and recorders
I want peace but can't afford ya, no
Running, running, round and round
Someone's keeping watch
I feel them on my shoulder
I can't even buy a home in private
Home invasions got my brothers dying
Notice every car that's driving by
I think my neighbors want me dead
I got a cannon underneath the bed
Triple checking if I locked the door
I know every creak that's in the floor
Muthafucka I am paranoid
I loop around the block, eyes glued to the rear view
Rather double back than regret hearing pew pew
Never trust a bitch
If you good they could trap you
So just strap it up
Before they fuck around and strap you
Someone's in my shadow
Someone's keeping watch
I feel them in my shadow
I can feel it
Don't it seem so good?
Don't it feel so good?
Who's at my window?
Left shoulder, right shoulder, left shoulder, look
No cameras out please
I wanna eat in peace
I don't wanna take pictures with you niggas or bitches
Nervous system is shook, way before 19
LA will do that to you
Where you from nigga, who you?
Satellites, screenshots, paparazzi, NDAs
Privacy? Yeah right, I got a better shot in the NBA
Ain't no respect for nothing
Voice recording our discussions
Her, him, they, them, or anybody
I don't trust em at all
Some pray for my fall
Hearing clicks on the calls
Niggas hacking for some rough drafts
Bitches looking for a buff bag
Risk that for some jaw, naw
You sing along but you don't know me nigga
Naw, never ever, not at all
Ya'll niggas crossed the line like fuck the stop sign
They wanna know where I close my eyes at
I keep my eyes wide
On god, this shit cooked brodie
Look brodie
Hand shakes got me shooked brodie
Niggas want info bout me?
Read a book on me
Baby I'm paranoid
Left shoulder, right shoulder, left shoulder, look
Left shoulder, right shoulder, left shoulder, look
What you want? Leave me alone
Who is at my window
Damn, paranoid","audio/03. Tyler, The Creator - Noid.flac"
13,PERFuMITO NUEVO,Bad Bunny,DeBÍ TiRAR MáS FOToS,World,2025-01-04,"Hoy salí de nuevo, pero
Ya quiero algo nuevo creo
Si me ves por ahí ni me conoce'
Cinderella despué' de las doce
Ya me convertí
Vámonos de aquí
Que me gusta cómo huele'
Y más cómo te mueve'
Dime ya cuándo voy a probar tu perfumito nuevo
La otra vez no te la vi, papi, sé que te la debo
Dime ya cuándo voy a probar tu perfumito nuevo
Hoy estoy pa' ti, ¿qué va' a hacer si me pego?
Acabo de mirar el reloj y son las una y dieciséis
Significa que ya no te vo'a dar break
Sigue mirando así, sigue mirando así, sigue mirando
Que te lo pongo aquí mismo, mmm
Sigue bailando, mami, que te estoy midiendo el ritmo
No parece leo ni escorpio
Pa' mí que ella tiene su propio signo
Fría, sentimental, está en temporada de portarse mal
A vece' es difícil meditar y sólo quiere gritar
O buscarme pa' chingar
Y yo se lo voy a dar a la hora que sea
Si yo bajo pa' allá abajo va a subir la marea
Los ojito' se le marean
Baby, yo vo'a hacer que tú crea'
Ea, diablo, tú ere' una bellaquita igual que yo
Perfumito nuevo, tú huele' cabrón
Por poquito te rompo el mahón
Dime ya cuándo voy a probar tu perfumito nuevo
La otra ve' no te lo di, mami, sé que te la debo
Baby, tú ere' una estrella, esa boca sabe a carambola
Fuego, desde que te vi me puse roja
Con los ojo' me quitaste el traje
Te tengo bailando sin modale' (dale)
Diantre, tú y yo somo' iguale'
Hoy le dimo' y mañana le damo'
De weekend en Coamo
En la montaña te vo'a hacer la rusa, ey
¿Qué cojone'? ¿Qué tú tiene' que me pone en musa?
Mami, tú te ve' bien a mi la'o
Si tú estás, yo no miro pa'l la'o
5-6, me tiene' domina'o
Me imagino contigo pelea'o
Papi, tú te ve' bien a mi la'o
Contigo yo no miro pa'l la'o
5-6, te tengo domina'o
Y todavía no hemo' ni chinga'o
Dime ya",audio/04. Bad Bunny - PERFuMITO NUEVO.flac
14,VETIVER Y AMARETTO,HUMBE,DUEÑO DEL CIELO,Desconocido,2025-12-06,"No quiero ver que me faltes aquí
Que la tormenta no llegue hasta mí
Me hago un refugio
Con la mano en los ojos me siento mucho más feliz
Mirar yo no quiero
No dejes, que no soy tan fuerte pa' ver
Esos recuerdos que fueron
Los castillos que cayeron
¿Será que yo puedo volver en el tiempo
Y construirlo todo otra vez?
Rígido bloque y cemento
Y si llega el lobo, tal vez
Ahora ya no se lo lleve su aliento
Adicto a tu olor, cerca bailando lento
Vetiver y amaretto, es todo un honor
Verte bajo este cielo, haya lluvia, haya viento
Mi religión, porque yo era ateo
Y de tu agua ahora bebo, mi salvación
Imagino que estoy contigo
Mi delirio, mi descuido, oh
Imagino que estoy contigo
Mi delirio, mi descuido, oh
Imagino que estoy contigo
Mi delirio, mi descuido, oh
Imagino que estoy contigo
Mi delirio, mi descuido, mi suicidio
Y me pone a pensar, por eso me salgo del presente
Off a los demonios de mi mente
Me gusta estar entre tanta gente
Eso me consiente, me distrae
Vamos a ver cómo me va
Ellos me sonrien y me mienten
Eso necesito de repente
Amor artificial
No es tu piel, pero me divierte
No es tu piel, pero es suficiente
Imagino que estoy contigo
Mi delirio, mi descuido, oh
Imagino que estoy contigo
Mi delirio, mi descuido
No quiero ver que me faltes tú aquí
Que la tormenta no llegue hasta mí
Me hago un refugio
Con la mano en los ojos me siento mucho más feliz
Mirar yo no quiero
No dejes, que no soy tan fuerte pa' ver
Esos recuerdos que fueron
Los castillos que cayeron
¿Será que yo puedo volver en el tiempo
Y construirlo todo otra vez?
Rígido bloque y cemento
Si llega el lobo, tal vez
Ahora acabe diferente el cuento
Imagino que estoy contigo
Mi delirio, mi descuido, oh
Imagino que estoy contigo
Mi delirio, mi descuido",audio/04. HUMBE - VETIVER Y AMARETTO.flac
15,ELEMENT.,Kendrick Lamar,DAMN.,Hip-Hop/Rap,2017-04-13,"New Kung Fu Kenny
Ain't nobody prayin' for me
Y'all know, what happens on Earth stays on Earth
Here we go!
I don't give a f-, I don't give a f-
I don't give a, I don't give a, I don't give a f-
I'm willin' to die for it
I done cried for it, might take a life for it
Put the Bible down and go eye for an eye for it
D.O.T. my enemy, won't catch a vibe for it, ayy
I been stomped out in front of my momma
My daddy commissary made it to commas
Tell 'em, all my grandmas dead
So ain't nobody prayin' for me, I'm on your head, ayy
Thirty millions later, know the feds watchin'
Auntie on my Telegram like, ""Be cautious!""
I be hangin' out at Tam's, I be on Stockton
I don't do it for the 'Gram, I do it for Compton
I'm willin' to die for it
I'll take your life for it
We ain't goin' back to broke, family on the ropes
So all you maney rappers better know
If I gotta check a fake one, I'ma make it look sexy
If I gotta go hard on a b-, I'ma make it look sexy
I pull up, hop out, air out, made it look sexy
They won't take me out my element
Nah, take me out my element
I been allergic to buildin' wit' ya
I been allergic to dealin' wit' ya
I've been allergic if it ain't about a million wit' ya
Goin' digital and physical on all y'all, ayy
Bunch of criminals and money in my phone calls, ayy
We okay, we let the A1 fly
Relocate, jump on the same G5
Checkin' for me heavy 'cause I go, yeah, I go, yeah
They never been ready, yeah, I know, yeah, know, yeah
100K spread across the floor, 'cross the floor, yeah
None of y'all f- with the flow yeah, the flow yeah
Years in the makin', and don't y'all mistake it
I got 'em by a landslide, we talkin' about races
You know this'll never be a tie, just look at their laces
You know careers take off, just gotta be patient
Mr. One through Five, that's the only logic
Fake my death, go to Cuba, that's the only option
If I gotta check a fake one, I'ma make it look sexy
If I gotta go hard on a b-, I'ma make it look sexy
I pull up, hop out, air out, made it look sexy
They won't take me out my element
Nah, take me out my element
Damned if I do, if I don't (yuh)
Goddamn us all if you won't (yuh)
Damn, damn, damn, it's a goddamn shame
You ain't front line, get out the goddamn way
Oh, they thought they wasn't gonna see me, huh?
Oh, they thought that K-Dot real life was the same life they see on TV, huh?
Oh, y'all wanna flex on me and be in L.A. for free, huh?
Next time they hit the 10 freeway, we need a receipt, huh?
'Cause most of y'all ain't real
Most of y'all gon' squeal
Most of y'all just envy, but jealousy get you killed
Most of y'all throw rocks and try to hide your hand
Just say his name and I promise that you'll see Candyman
Because it's all in your eyes, most of y'all tell lies
Most of y'all don't fade, most of y'all been advised
Last LP I tried to lift the black artists
But it's a difference between black artists and wack artists
If I gotta slap a p-, I'ma make it look sexy
It's the one and only, the world's greatest, the Kid Capri
If I gotta go hard on a b-, I'ma make it look sexy
I pull up, hop out, air out, made it look sexy
They won't take me out my element
Nah, take me out my element",audio/04. Kendrick Lamar - ELEMENT..flac
16,"Darling, I","Tyler, The Creator",CHROMAKOPIA,Hip-Hop/Rap,2024-10-27,"Whatever you do, don't ever tell no bitch you love her
If you don't mean it, don't tell her (check)
Darling, I keep (keep falling in love)
Darling, I keep (keep falling in love)
Da-da, da, I keep (keep falling in love)
forever is too long (c'mon)
Ooh, I got a problem I don't know if I can shake
Oh, they wanna tie me down that bondage just might break
I can't sign the dotted line
Just how long is forever? (It's too long, ah-hoo)
Darling, I keep (keep falling in love)
Darling, I keep (keep falling in love)
Da-da, da, I keep (keep falling in love)
forever is too long (yuh, let that fire, check it, yo)
I drive my Bimmer in the summer when I'm ready to drift
LaFerrari handle better and it's pretty as shit
Feel safe in the Rolls, big boy when I drive
Love em all for different reasons at the same damn time
See monogamy, that shit is not for me
One option for everybody? don't you lie to me
Too many rules I'm too curious to try to be hiding things
Feeling shame build inside of me
Cause honestly, T is not perfect
So how can I get everything from one person?
I'm at the altar but I'm still searching
I'm only human if it ain't work
Things change and nothing stay the same, I believe
that maybe letting go is a beautiful thing
Perfect for the time being y'all ain't do nothing wrong
Life is short but forever is so goddamn long
I like alone time
I'm on my own time
I love this girl though
I hit the gold mine
I'm thinking new crib
I'm thinking two kids
Until I get infatuated with a new bitch
But when that grey hair finally come
At least I felt something if I ain't find the one
Nobody could fulfill me like this music shit does
So I'll be lonely with these Grammys when it's all said and done, c'mon
Darling, I keep (keep falling in love)
Darling, I keep (keep falling in love) (keep falling in love)
Da-da, da, I keep (keep falling in love)
Forever is too long (yeah, keep falling in love)
Yeah, baby
Keep falling (keep falling)
Keep falling (darling, I)
Keep falling (keep falling)
Keep falling (I keep falling down)
Keep falling (come and catch me, please) (oh, baby)
everybody's different, you know
and it's not just sex
i get different things from different people
and i want you to explore too (uh)
Have those moments and experiences (uh)
I don't own you (da-da-da-da-da)
It's not fair to just be stuck with me
Darling (darling, darling), keep falling in love (ooh)
Darling (darling, I keep), keep falling in love
(Da-da-da-da), I'm falling, I'm falling (oh-oh-oh)
Forever, da-da-da (oh, baby)
Keep falling (keep falling)
Keep falling (darling, I)
Keep falling (keep falling)
Keep falling (I)
Keep falling (keep falling down), keep falling
come and catch me please (forever)
Keep falling (is too long), keep falling (forever)
Keep falling (is too long), keep falling (forever)
Keep falling (is too long), keep falling
Transparency is key, be honest","audio/04. Tyler, The Creator - Darling, I.flac"
17,WELTiTA,Bad Bunny,DeBÍ TiRAR MáS FOToS,World,2025-01-04,"Baby, te vo'a dar una vuelta por la playita
Te vo'a llenar de besitos la carita
Un día conmigo es lo que tú necesita'
Sonriendo tú te ves más bonita
Baby, te vo'a dar una vuelta por la playita
Te vo'a llenar de besitos la carita
Un día conmigo es lo que tú necesita'
Sonriendo tú te ves más bonita
Eh-eh, eh-eh, eh-eh
Baby, yo sé, baby, yo sé
La vida es así, la vida es así
Eh-eh, ey
Pero ponte el traje'e baño, mami, que tе vo'a buscar
Te dejo mojaíta, el sol tе va a secar
Sí, te va a quemar
Tú eres mi canción favorita
Y en repeat te vo'a tocar, ey
Te la vo'a aplicar
Quiero dibujar corazoncitos en la orilla
Tranquila, mami, yo te cargo la silla
Eso' ojitos lindo', me encanta cómo brillan
¿Cómo una diosa puede ser tan sencilla?, ey
Y por un beso de la flaca yo daría lo que fuera (fuera)
Tú me dice' (dice') si adentro o afuera (mami)
Debajo del agua nadie se entera
Baby, te vo'a dar una vuelta por la playita (ja)
Te vo'a llenar de besitos la carita (la carita)
Un día conmigo es lo que tú necesita'
Sonriendo tú te ves más bonita
Baby, te vo'a dar una vuelta por la playita
Te vo'a llenar de besitos la carita
Contigo me siento distinto
Hay algo cuando nos miramo
Y en el pozo nos dimos la mano (y gritamo)
""¡Jacinto!""
Cuando no estoy en la buena
Tú me lleva' a hacer castillos de arena
Y los castillo' se convierten en aldea'
Un pueblito donde no existen problema'
Y ahí soñamos con un futuro
Que estemo bien, no hace falta mucho
Por un segundo nos olvidamos de to
Aquí solo somos tú y yo
Vamo a besarno frente a las ola' (aunque sea de piquito, de piquito)
De piquito pin-pin, pin-pin-pin (vamo a besarno frente a las ola')
Hay mucho' mosquito' en la costa
Baby, vo'a poner un escrín (vamo' a besarno' frente a)
Sudaíta, el sol te da (las ola')
Y eso brilla como blin-blin (vamo' a besarno' frente a las ola')
Vamo a quedarnos por Maya, después te llevo a París
Por eso es que me gusta ir contigo a la playita
Y llenarte de besitos la carita
Y un día juntito' es lo que yo necesito
Sonriendo tú te ves más bonito",audio/05. Bad Bunny - WELTiTA.flac
18,HARRY STAMPER,HUMBE,DUEÑO DEL CIELO,Desconocido,2025-12-06,"Harry Stamper, Armageddon
Yo soy todo por amor honesto
Por amor correcto
Muero, muero por amor
¿Tú morirías por mí?
¿Tú mentirías? Cómplice mía, al fin
Dame fuentes de ti
Ven y convénceme que no era una fachada
Y era real tu mirada
Me jode pensar que yo fui una etapa
Fui una etapa, fui una etapa
Fui una etapa, fui una etapa
Oh, oh, oh, ah, mmm
Fui una etapa, oh, oh, oh
No sé si pueda volverme a enamorar
Luego de ti, ¿qué pasará?
Viajo el mundo solo para buscarte
Y no estás por ningún lugar
Y yo quiero darte lo que falte
Yo me acoplo a ti
Vinos y diamantes
Quiero que te sientes sobre mí
Lento, dentro de mi corazón, al fin
Tan perfecto, con mi cuerpo traducir
Lo que siento, yo te ayudo a conducir
La tormenta, en lo que me puedas convertir
Yo me puedo convertir
¿Y tú lo harías? ¿Te convertirías?
¿Tú morirías por mí?
¿Tú mentirías? Cómplice mía, al fin
Dame fuentes de ti
Ven y convénceme que no era una fachada
Y era real tu mirada
Me jode pensar que yo fui una etapa
Fui una etapa, fui una etapa
Fui una etapa, fui una etapa
Oh, oh, oh, ah
(Fui una etapa, fui una etapa)
(Fui una etapa)",audio/05. HUMBE - HARRY STAMPER.flac
19,FEEL.,Kendrick Lamar,DAMN.,Hip-Hop/Rap,2017-04-13,"Ain't nobody prayin' for me
Ain't nobody prayin' for me
Ain't nobody prayin' for me
Ain't nobody prayin' for me
Ain't nobody prayin' for me
Ain't nobody prayin' for me
Ain't nobody prayin' for me
I feel like a chip on my shoulders
I feel like I'm losin' my focus
I feel like I'm losin' my patience
I feel like my thoughts in the basement
Feel like, I feel like you're miseducated
Feel like I don't wanna be bothered
I feel like you may be the problem
I feel like it ain't no tomorrow, fuck the world
The world is endin', I'm done pretendin'
And fuck you if you get offended
I feel like friends been overrated
I feel like the family been fakin'
I feel like the feelings are changin'
Feel like my daughter compromised and jaded
Feel like you wanna scrutinize how I made it
Feel like I ain't feelin' you all
Feel like removin' myself, no feelings involved
I feel for you, I've been in the field for you
It's real for you, right? Shit, I feel like
Ain't nobody prayin' for me
Ain't nobody prayin' for me
Ain't nobody prayin' for me
Ain't nobody prayin'
I feel niggas been out of pocket
I feel niggas tappin' they pockets
I feel like debated on who the greatest can stop it
I am legend, I feel like all of y'all is peasants
I feel like all of y'all is desperate
I feel like all it take is a second to feel like
Mike Jordan whenever holdin' a real mic
I ain't feelin' your presence
Feel like I'ma learn you a lesson
Feel like only me and the music, though
I feel like your feelin' ain't mutual
I feel like the enemy you should know
Feel like the feelin' of no hope
The feelin' of bad dope
A quarter ounce manipulated from soap
The feelin', the feelin' of false freedom
I'll force-feed 'em the poison that fill 'em up in the prison
I feel like it's just me
Look, I feel like I can't breathe
Look, I feel like I can't sleep
Look, I feel heartless, often off this
Feelin' of fallin', of fallin' apart with
Darkest hours, lost it
Fillin' the void of bein' employed with ballin'
Streets is talkin', fill in the blanks with coffins
Fill up the banks with dollars
Fill up the graves with fathers
Fill up the babies with bullshit
Internet blogs and pulpit, fill 'em with gossip
I feel like this gotta be the feelin' what 'Pac was
The feelin' of an apocalypse happenin'
But nothin' is awkward, the feelin' won't prosper
The feelin' is toxic, I feel like I'm boxin' demons
Monsters, false prophets schemin'
Sponsors, industry promises
Niggas, bitches, honkies, crackers, Compton
Church, religion, token blacks, and bondage
Lawsuit visits, subpoena served in concert
Fuck your feelings, I mean this for imposters
I can feel it, the phoenix sure to watch us
I can feel it, the dream is more than process
I can put a regime that forms a Loch Ness
I can feel it, the scream that haunts our logic
I feel like say somethin', I feel like take somethin'
I feel like skatin' off, I feel like waitin' for 'em
Maybe it's too late for 'em
I feel like the whole world want me to pray for 'em
But who the fuck prayin' for me?
Ain't nobody prayin' for me
Who prayin' for me?
Ain't nobody prayin'",audio/05. Kendrick Lamar - FEEL..flac
20,Hey Jane,"Tyler, The Creator",CHROMAKOPIA,Hip-Hop/Rap,2024-10-27,"Always, always, always wear a condom
Don't trust-
hey jane, we got the news and ain't know what to do
i didn't panic i was comforting you
still in shock, but damn, delayed response, is this really true?
if this was bound to happen to me, i'm lucky it's you
hey jane ya hair long and ya legs long
and we can both relate to the fact that our dads gone,
couple good qualities on you we could pass on,
you're not dumb, and your face good and your head strong
hey jane i know my mom would be excited as hell
i know your mom would be excited as well
but people talk so let's pretend we ain't got no one to tell
i know our exes wanna see us in hell this ain't about them tho,
this ain't about kinfolk, this our decision with a small window,
i wanna jump out, but if you wanna stay in the room, i cannot bug out,
time blocking the driveway, i cannot pull out now, i didn't pull out wow
i'm disappointed in me, this ain't like me
how could i be reckless, this ain't my lifestyle,
never had no scare, in my life til now
ain't in the space to raise no got damn child
hey jane, i'm terrified, i'm petrified,
i don't wanna give my freedom up, or sanitize it
this my fault, the results are justified i fucked up
i'm stressed out, i'm dead inside
hey jane, who am i to come bitch and complain?
you gotta deal with all the mental and the physical change
all the heaviest emotions and the physical pain
just to give the kid the man last name? fuck that
our resumes unmet,
the bus stopped at like, we ain't make it to love yet
took a shortcut to forever i'm upset (fuck)
cause we was in the back, no strings with our tongues wet
we haven't boat tripped we haven't argued
we're still learning each other
i don't know all of you (mm-hm)
And you don't know all of me (mm-hm)
how am i to live with?
that is not a good foundation to have kids with
or maybe it is, maybe it's not, just not yet
maybe this is a blessing in disguise and not a regret
look jane, it's your choice at the end of the day
just know i'll support either way, no pressure
hey t, we got the news and i forgot how to breathe
In a panic you was comforting me
damn, what do we do? what are the odds, is this really true?
if it was bound to happen to me i'm lucky it's you
hey t, ya legs long and ya waist thin,
and we can both relate to the fact we got great skin,
you're not dumb, and your energy is a good mood,
a lil weird but overall you're a good dude
hey t, how would you feel if we kept it a secret
it's a voice inside me begging to keep it
i'm 35, and my ovaries might not reset
i don't wanna live my whole life feeling regret
damn, a feeling you could never understand (I can)
you just hope to god i get my period again
i was 24 when... look
i don't wanna go through that experience again
hey t, things happen, no one is wrong
but i don't need the stress, i can do this alone
My mom did it, ya mom did it, this ain't a pride thing,
this a more i'd prefer to have peace of mind thing
i got my own bread i don't need you to buy things
cause my needs don't include your money or status
i can move back to london and avoid any static
between us, no need to make it hard like callous
It's too much on your palate, this is really traumatic
for me, i can raise it by myself i'm dramatic
you see, pushing people out my life is a habit i seethe,
can you crack a window so i can breathe?
hey t, i'm scared too,
it was so hard for me to tell you
to tell truth, i ain't wanna tell me
i look in the mirror like damn i failed me
i'm scared to tell my momma, scared to tell my bitches
scared of all the people who don't know us in our business
scared of all the advice and my intuition
scared of not knowing but too scared to make decisions
said i wouldn't do this again
it's a lose if I lose lil bruh in the end
it's a lose lose if i lose you as a friend
i've been losing myself, it ain't no one to defend me
i got a mini version of myself living in me
you pulling out your hair, i walk around in a frenzy
i'm feeling the resentment anytime you get near me
my body has a clock and i don't know where the end be
emotions is throwing around like a frisbee
my titties getting bigger and I'm craving a ten piece!
t, no matter the decision today
i just want us to be cool either way no pressure","audio/05. Tyler, The Creator - Hey Jane.flac"
21,VeLDÁ,Bad Bunny,DeBÍ TiRAR MáS FOToS,World,2025-01-04,"Bellaquita
Bellaquita
Eh, ey, yo, es Ousi
Yeah-yeah
Dei V, Underwater (bellaquita)
Me diste follow y te di followback
Me diste like y yo te di dos p'atrá
Toma, al otro día me pusiste en los close friends
Eso es lo que tú quieres, ma
Voy pa'l DM, de espalda, de lao o de frente
En toas las fotito' se ve bien
Mami, te lo doy ahora y después también
Subió una story cerca, toy que le llego a pie, еh
Oh, ma, yo quiero que tú seas mi loba
Tú mе tiene' a mí en la cuerda floja
Uoh-oh, si nos vamo underwater, te moja'
Yo te vo'a comer como una lu' roja
Y dale, actívate, ¿que quién va a pagar hoy?
Ma, tú olvídate, tú te vienes, yo voy
Dale, sígueme con ese culo embuste de anime
Ma, de anime
Dale, actívate, ¿que quién va a pagar hoy?
Baby, olvídate, tú te vienes, yo voy
Dale, sígueme, esto e' lo que estaba' buscando
Mi mensaje bellaqueando
Vamo a ver si es verdá, eh
Vamo a ver si es verdá, vamo a ver si es verdá
Vamo a ver si es verdá (verdá)
Bebé, vamo a ver si es verdá (vamo a ver si es verdá)
Baby, tú lo hace' como si supiera'
Hasta tú te pondrías bellaca si con mis ojo' te viera', te viera'
Ey, tú y yo nos vamo a ver, nos vamo a conocer
Vamo a bailar, vamo a beber
A bellaquear, despué a coger
Tú te va' a hookear y esto se va a joder
Vamo a terminar mal, sí
Porque yo soy un problema
Y porque tú tas buena
Pero yo tengo mi nena
La que no suelto, pero tú tas suelta, sí
Pero tú tas suel-, pero-pero tú tas suelta (suelta), ey
Tú eres una pitcher, mami, pero yo me crie en la loma
Tú va' a soñar conmigo después que te la coma
Yo bajo pa tu barrio lowkey en la Tacoma
O si no en la Lambo en una movie cabrona
Ey, chequéate el AP, nunca se va de hora
Por eso ningún culo me ajora, embuste
Estoy que te preño ahora (bellaquita)
Le llegó bien loca como una gringa en La Perla
Baby, te habla Ousi, un placer conocerla
Ando con Bad Bu, con Dei V, tú con tu' girla'
Y no sé si e'la yerba, pero tú tienes
Los ojo' chiquitito', como si fuera Don
Te pasé la lengua como sellando el blunt
Baby, tú te sueltas con el tequi y limón
Eso atrás bien grande, bebé, como una Yukon
Cierra los ojos y piénsame
Yo estoy bebiendo y también quemé
Ella quiere un mensaje que diga: ""Ven""
Yo me paso mirando ese culito en internet
Baby (baby), ese culo es de bichota
Y yo siempre quise ser bichote
Vámono pa onde no se note
Que cuando yo te azote, ey (bebé)
Vamo a ver si es verdá
Vamo a ver si es verdá, vamo a ver si es verdá
Vamo a ver si es verdá, eh-eh
Vamo a ver si es verdá, vamo a ver si es verdá
Baby, tú lo hace' como si supiera'
Hasta tú te pondrías bellaca si con mis ojos te vieras, te viera'
¡¿Qué?!, bebé, a mí me dijeron que tú metes mano
¿Quiénes son?, los que comandan una nueva generación
La liga multiplatino, Bad Bunny, Dei V, Omar Courtz
Tú sabes, lo' ídolos tuyos
Seguramente te estás preguntando cómo lo hacen
Tienen que apretar
Ey, yeh, yeh, ey (¡bum bum!)
Cierra los ojos y piénsame, ey
Yo toy bebiendo y también quemé
Ella quiere un mensaje que diga: ""Ven""
Yo me paso mirando ese culito en internet",audio/06. Bad Bunny - VeLDÁ.flac
22,ASHWAGANDHA,HUMBE,DUEÑO DEL CIELO,Desconocido,2025-12-06,"Sérum para mis ojeras,
con cafeína, son vitaminas.
Vuelvo a la vida,
vuelvo a circular que no dormí ni mierda.
No me funcionó la distracción,
dio reversa y ahora solo pienso en ella.
Qué traición, ¿qué pasó?
Yo solito me doy cuerda,
juego como si no me doliera.
Es normal porque no soy cualquiera.
No puedo negarte,
ni a tu calor.
Cabeza fría y sin condición,
estás creándome una religión,
dueña de mi devoción.
Por ti soy transparente.
Frente a ti, te prometo que soy diferente.
Tú, mi perdición,
mi talón de Aquiles presente.
No me tientes,
que me tienes a tus pies,
desde la vez que me viste de frente.
Empezamos fuerte.
Dame de tu paz,
ashwagandha en la mañana.
Duerme mi ansiedad.
No me dejes irme sin ver,
que yo quiero probar poder.
Tengo que aguantar la tentación,
cuando el tiempo sea correcto,
y cuando quiera Dios.
Protegerte y encargarme de tu emoción,
darte un riñón,
dar CPR a tu corazón.
Y empezar a salir contigo otra vez,
iniciar de cero y vivir cada amanecer.
Y aunque cueste tanto tiempo,
tengo que retroceder.
Si esto representa sanación,
ven, cúrame.
Por ti soy transparente.
Frente a ti, te prometo que soy diferente.
Tú, mi perdición,
mi talón de Aquiles presente.
No me tientes,
que me tienes a tus pies,
desde la vez que me viste de frente.
Empezamos fuerte.
Dame.
Dame de tu paz, ashwagandha.
Ven, nútreme y recarga.
Todo de ti me encanta,
tan tranquilo que mi pecho se calma.
Dame de tu paz, ashwagandha.
Quiero hundirme profundo en tu espalda.
Siento todo contigo,
llegué a despertar
desde que me viste de frente.",audio/06. HUMBE - ASHWAGANDHA.flac
23,LOYALTY.,Kendrick Lamar,DAMN.,Hip-Hop/Rap,2017-04-13,"I said I'm geeked and I'm fired up (fired, fire)
All I want tonight is just get higher (high, high, high)
Girl, you look so good, it's to die for (die for)
Ooh, that pussy good, it's to die for (on fire)
It's a secret society
All we ask is trust
(All we ask is trust)
All we got is us
Loyalty, loyalty, loyalty
Loyalty, loyalty, loyalty
Kung Fu Kenny now
My resume is real enough for two millenniums
A better way to make a wave, stop defendin' them
I meditate and moderate all of my wins again
I'm hangin' on the fence again
I'm always on your mind
I put my lyric and my lifeline on the line
And ain't no limit when I might shine, might grind
You rollin' with it at the right time, right now
(Only for the dollar sign)
Bad girl RiRi now
Swerve, swerve, swerve, swerve, deeper now
On your pulse like it's EDM
Gas in the bitch like it's premium
Haul ass on a bitch all in the fast lane
Been a bad bitch way before any cash came
I'm established
Hundred carats on my name
Run the atlas, I'm a natural, I'm alright
I'm a savage, I'm a asshole, I'm a king
Shimmy-yeah, shimmy-yeah, shimmy-yeah, rock (yeah)
You can tell your nigga he can meet me outside (yeah)
You can babysit him when I leave him outside
Ain't no other love like the one I know
I done been down so long lost hope
I done came down so hard I slowed
Honesty forever, all a real nigga want
I said I'm geeked and I'm fired up (fired, fire)
All I want tonight is just get higher (yeah)
(All I want is, all I want is)
Loyalty, loyalty, loyalty
Loyalty, loyalty, loyalty
10-4, no switchin' sides
Feel somethin' wrong
You actin' shifty, you don't ride
With me no more, I need
Loyalty, loyalty, loyalty
Loyalty, loyalty, loyalty
Tell me who you loyal to
Is it money? it is fame? Is it weed? Is it drink?
Is it comin' down with the loud pipes and the rain?
Big chillin', only for the power in your name
Tell me who you loyal to
Is it love for the streets when the lights get dark?
Is it unconditional when the 'Rari don't start?
Tell me when your loyalty is comin' from the heart
Tell me who you loyal to
Do it start with your woman or your man? (Mmm)
Do it end with your family and friends? (Mmm)
Or you're loyal to yourself in advance?
I said, tell me who you loyal to
Is it anybody that you would lie for?
Anybody you would slide for?
Anybody you would die for?
That's what God for
I said I'm geeked and I'm fired up (fired, fire)
All I want tonight is just to get high up
(All I want is, all I want is)
Loyalty, loyalty, loyalty
Loyalty, loyalty, loyalty
10-4, no switchin' sides
Feel somethin' wrong
You actin' shifty, you don't ride
With me no more, I need
Loyalty, loyalty, loyalty
Loyalty, loyalty, loyalty
It's so hard to be humble
It's so hard to be
Lord knows is I'm tryin'
Lord knows is I'm dyin', baby",audio/06. Kendrick Lamar - LOYALTY..flac
24,I Killed You,"Tyler, The Creator",CHROMAKOPIA,Hip-Hop/Rap,2024-10-27,"your new hot comb go round and round
your new blowout go round and round
your 360 waves go round and round
the grease adding up it goes round and round
i gotta work i gotta eat if they see you on top of me i gotta leave bitch i killed you
your natural state is threatening to the point that i point at myself and self esteem bitch i killed you
no finding out a couple knots was a map we escaping them routes right on the scalp bitch i killed you
taking you out it's not a game feel ashamed so we straightened you out without a doubt
bitch i killed you
you are so essential how we used to pick you cause you was a symbol
berries and oils your nature was so simple
but i guess the coils and kinks became an issue
therefore bitch i killed you with jerries and mimis
i burnt you i cut you i filled you up with chemies
forced you to relax you was thick you was bb
couldn't take the heat so you're gone when they see me yeah bitch i killed you
aunties grandmas sisters mamas darker skinned women conscious got ya
bitch they killed you
uncles daddies brothers sons cut by one the shit begun early
bitch they killed you
mentally stuck i couldn't see when you breathe
thought i needed a cut it fucked me up bitch i kill you
we don't got advantages we don't match their images
so it led to damages ahhh i had to kill you
i gotta work i gotta eat if they see you on top of me then i'm at peace bitch i killed you
you are my crown without the grease really fine got the kinks in their mind they gotta ease
bitch i kill you gravity defy against the elements call you fragile? i say you're delicate
you're the room baby they're the muthafuckin elephant talking bout my heritage
i would never kill you
trapped in the back aww
type 3 is it type 4?
fuck it get down, this is my crown, you got kinks in your mind boy
i didn't mean to
you're so beautiful","audio/06. Tyler, The Creator - I Killed You.flac"
25,EL CLúB,Bad Bunny,DeBÍ TiRAR MáS FOToS,World,2025-01-04,"Yeah, 2:00 de la mañana en el club
To'l mundo pasándola cabrón
Las mujeres encima de mí
La hookah, las pastillas y un blunt
La que yo quiera dice que sí
Bien loco cantando la canción
Después de aquí nos vamos pa-
¿Qué estará haciendo mi ex
Que hace tiempo por ahí no se ve?
¿Será que ya me superó y le va bien?
Mientras que yo, borracho, pienso
¿Qué estará haciendo mi ex
Que hace tiempo por ahí no se ve?
¿Será que ya me superó y le va bien?
Mientras que yo, borracho, pienso
¿Qué diablo estará haciendo?
¿Estará jangueando o estará durmiendo?
¿Estará fumando o estará bebiendo?
¿Seguirá sola o está saliendo
Con otro que no soy yo?, no soy yo
Mami, ese no soy yo, no soy yo
Aposté que te olvidaba y perdí 500
Otra vez me ganaron los sentimiento'
Los muchachos piensan que yo estoy contento
Pero no, estoy muerto por dentro
La disco está llena y a la vez vacía
Porque no está la nena mía
Con la que yo siempre me reía
Con la que yo siempre me venía
Con la que yo hablaba to' los días
Y ahora no sé na, y ahora no sé na, ey
¿Qué estará haciendo mi ex
Que hace tiempo por ahí no se ve?
¿Será que ya me superó y le va bien?
Mientras que yo, borracho, pienso
2019, un pestañeo y ahora estamo aquí
2020, la última vez que yo fui feliz
2022, la última vez que yo te vi
La vida no me cumplió na de lo que le pedí
No sé qué pasó, yo le pedí a Dios
Pero él también me ghosteó
El futuro me golpeó, en el pasado me dejó
La felicidad se alejó
Y me pregunto qué estarás haciendo
Si en mí estás pensando
O si la luna estás viendo
Con otra persona conectando
Y si de mí le estás hablando, eh-eh
Espero aunque sea ser un buen recuerdo
Ser un buen recuerdo",audio/07. Bad Bunny - EL CLúB.flac
26,REM,HUMBE,DUEÑO DEL CIELO,Desconocido,2025-12-06,"Me dormí para evitar que te pensara
Qué burla, el lugar donde busco mi paz es donde estabas
Me dormí con lágrimas mojadas
Esperando mi séptimo sueño a ver si en ella remabas
Me dormí pa poder escaparme (me dormí)
Esquivando pensarte para yo sanar
Poder descansar
Y te vuelvo a soñar y te escucho decir
Nos besamos si te animas
Quédate a dormir acá
Que llevas mucho tiempo solo
Y yo te puеdo acompañar
Y nos besamos a escondidas, quédate un poco más
Dame más picos de dopamina, natural melatonina
Tú puedes controlarlo todo y yo
Quiero poder aprovechar el sueño
Que no sé si yo te vuelvo a ver
Si te levantas, seguramente no pueda volver
Cierra los ojos, piensa en mí
Yo siempre pienso en ti
Difícil admitir que por ti me dormí
Pero es lindo verte aquí
Tan lindo verte aquí
Aunque me sordee, aunque no lo vea
Aunque en mi cabeza no sea la meta
Muy, muy dentro de mí, te quiero aquí
Toparnos en REM, besarnos again and again
And again, and again, and again, and again
And again, and again
And again, and again, and a
And again, and again
And again
Me dormí para ya no pensarte
Y soñé que a lo lejos te encontraba
Iba corriendo, pero no avanzaba
Que te quedes al aire gritaba
Me dormí, comencé a alucinarte
En otro plano, por fin, te tocaba
Pasamos horas en la cama
Jugando a que el piso era lava
Me dormí
Me-me, me dormí
Me-me-me, me dormí
(Me-me-me) me-me-me, me dormí
Me dormí, me dormí (que ahí afuera estoy muy solo)
Me dormí
Me dormí
Me-me-me, me dormí
(Me-me-me) me dormí",audio/07. HUMBE - REM.flac
27,PRIDE.,Kendrick Lamar,DAMN.,Hip-Hop/Rap,2017-04-13,"Love's gonna get you killed
But pride's gonna be the death of you, and you and me
And you, and you, and you and me
And you, and you, and you and me
And you, and you, and-
Me, I wasn't taught to share, but care
In another life, I surely was there
Me, I wasn't taught to share, but care
I care, I care
Hell-raising, wheel-chasing, new worldly possessions
Flesh-making, spirit-breaking, which one would you lessen?
The better part, the human heart, you love 'em or dissect 'em
Happiness or flashiness? How do you serve the question?
See, in the perfect world, I would be perfect, world
I don't trust people enough beyond their surface, world
I don't love people enough to put my faith in man
I put my faith in these lyrics, hoping I make a band
I understand I ain't perfect, I probably won't come around
This time, I might put you down
Last time, I ain't give a f-, I still feel the same now
My feelings might go numb
You're dealing with cold thumb
I'm willing to give up a leg and arm to show empathy from
Pity parties and functions of you and yours
A perfect world, you probably live another 24
I can't fake humble just 'cause your a- is insecure
I can't fake humble just 'cause your a- is insecure
Me, I wasn't taught to share, but care
In another life, I surely was there
Me, I wasn't taught to share, but care
I care, I care
Maybe I wasn't there (we saw you first)
Maybe I wasn't there (I saw you first)
Maybe I wasn't there (I saw you first)
Maybe I wasn't there
Now, in a perfect world, I probably won't be insensitive
Cold as December, but never remember what winter did
I wouldn't blame you for mistakes I made or the bed I laid
Seems like I point the finger just to make a point, nowadays
Smiles and cold stares, the temperature goes there
Indigenous disposition, feel like we belong here
I know the walls, they can listen, I wish they could talk back
The hurt becomes repetition, the love almost lost that
Sick venom in men and women overcome with pride
A perfect world is never perfect, only filled with lies
Promises are broken and more resentment come alive
Race barriers make inferior of you and I
See, in a perfect world, I'll choose faith over riches
I'll choose work over b-, I'll make schools out of prison
I'll take all the religions and put 'em all in one service
Just to tell 'em we ain't sh-, but He's been perfect, world
Me, I wasn't taught to share, but care
In another life, I surely was there
Me, I wasn't taught to share, but care
I care, I care
Maybe I wasn't there (we saw you first)
Maybe I wasn't there (I saw you first)
Maybe I wasn't there (I saw you first)
Maybe I wasn't there",audio/07. Kendrick Lamar - PRIDE..flac
28,Judge Judy,"Tyler, The Creator",CHROMAKOPIA,Hip-Hop/Rap,2024-10-27,"I met this girl named Judy at the café 'round my way
Her breasts were near her chest and she had curls that hit her face
Her legs were Eiffel Tower, I can tell her daddy black
Peanut butter jelly toasted in her lap
We chop and chopped it up, I like her thoughts and time had flew
She said she had no plans and asked me what I'm 'bout to do
I stuffed us in the Phantom and wiggled through the streets
She said she'd never do this, but she think that I'm sweet
So I won't judge, Judy
No, I won't judge, Judy
We end up at my home
We dance around and make some sweets (we make some sweets)
We started swapping spit and then she got on top of me (she got on top of me)
I asked her what she into (you go first)
She told me lead the way (I'm into)
Body rubs, bondage, and creampies, we can play
Around in public, any cum is now a fetish I imagine
Fiend for foot massages, giving oral is my passion (yeah)
You could ride my face, I don't want nothing in return (wait)
Your body count and who you fuck is not my concern
'Cause I don't judge, Judy (yeah, yeah, yeah)
(What's your fetish and what are you into?)
No, I don't judge, Judy
(Don't matter, you're safe here, I won't judge you now)
No, I don't judge, Judy (Judy, Judy, Judy)
(I-I'll try to hold you down and dick you down) no
No, I don't judge, Judy (Judy, Judy)
She's just like me
Me, oh, oh, yeah
I can't judge, Judy, Judy (no, no-no-no, no-no)
She like rope, hands around her throat
Couple guys, it made her feel alive (yeah, yeah, oh)
She had a free spirit, you know?
(Judy, Judy, Judy)
And she was great with women (Ju', Jud-Judy)
(Judy, Judy, Judy)
Exhibitionist (not gonna judge)
I lean voyeur, so it worked out (oh, no, no)
Our frequencies matched
No pressure, just, just
She wrote me a letter
Sorry that I haven't been communicating much
This past year has been rough
It spreaded to my head (yeah, yeah, yeah)
I knew it when we met, if you're reading, it's too late
I'm on the other side, but I just wanna say
Thank you for the moments I could grab before I left
I hope you live your life, your truest self with no regrets
I wasn't living right until they told me what was left
I'm wishing you the best, P.S
Thank you for not judging, Judy
Damn","audio/07. Tyler, The Creator - Judge Judy.flac"
29,KETU TeCRÉ,Bad Bunny,DeBÍ TiRAR MáS FOToS,World,2025-01-04,"Yo no hice na', yo no hice na'
Pa' que tú esté' así conmigo (no)
¿Cómo fue que terminamo' siendo enemigo'?
Baby, si hace un mes yo estaba dándote castigo
Siempre he sido a fuego contigo
Tú no era' así
Cuando yo te conocí (te conocí)
Siento que yo te cambié
Despué' que te lo metí, -í
Ahora te suelta'
Y sale' pa' la disco a perrear
Te olvidaste de mí
La seguiste normal, normal (uh)
Despué' que te lo hice bien
Ahora quiere' portarte mal
Ey, trajecito sin panty (-ty)
Escuchando viejera' de Plan B
""Hey Shorty"" de Jowell y Randy
Subiendo storie', twerkeando como Cardi
Juguetito' y ninguno dice ""Andy""
Una muñeca buscando un AP
Si no un Rollie, si no un Carti
Que me la chingue en el parking
Uñas, eyelash, fotito' con más flash, eh
Si va' a enseñarme ese culo
Que sea en persona, yo no tengo Snapchat
Por la noche bebiendo tequila, por el día matcha, ey
Si no anda con Vero, anda con Nacha
Y si me escribe, es que está borracha
La mai se pasa orando pa' ver si se recoge
Pero son la' 11 y pa' la calle coge, ey
Muchos la piden, pero ella es la que escoge
Si me ve' haciendo lo mismo que tú, no te enoje'
Porque ahora te suelta'
Y sale' pa' la disco a perrear
Te olvidaste de mí
La seguiste normal, normal (uh)
Despué' que te lo hice bien
Ahora quiere' portarte mal
Ahora te suelta'-suelta'-suelta'-suelta'
Ya ni te reconozco, bebé (mmm)
Anoche a las 2 te llamé
Y estás hecha una malcriá'
¿Qué carajo tú te cree'? (¿Qué carajo?)
Conmigo no, yo fui el que te enseñé
Yo fui el que te enseñé
A aplicarla como e'
A frontear como e'
A tirar chavo' en el club
La hookah y la Moet
Que mucho yo te quería
Pero ya tú no me cae' bien
Ya tú no me cae' bien, eh
Está creci'a, embichá'
Pero la tengo fichá'
Yo que te di de to'
Cuando tú era' la oficial
Si me escribe' pa' pelear
Sabe' que vo'a pichar
Sigue ruli, Tokischa, eh, ey
Ahora te suelta'
Y sale' pa' la disco a perrear, -rrear
Ahora te suelta'
Y sale' pa' la disco a perrear, -rrear
Y ahora te suelta'
Y sale' pa' la disco a perrear
Pa'-pa'-pa' la disco a perrear, -rrear
Pa'-pa la disco a perrear, perrear, perrear
Yo soy celoso con mis sentimiento'
Entonces me encojona, me duele, me molesta
Mostrárselo' a alguien que no lo merece",audio/08. Bad Bunny - KETU TeCRÉ.flac
30,REM II,HUMBE,DUEÑO DEL CIELO,Desconocido,2025-12-06,"Soñando
no sé dónde entrará mi cuerpo.
¿Cómo tan real te estoy tocando?
Tocando,
tocando.
Y siento cómo el peso
se alza de mi pecho.
En el cielo hay destellos,
y ahora tengo estremecido todo el cuerpo.
No me quiero despertar
y volverme a ver
en esta realidad,
sin tenerte al lado.
No me quiero apagar,
respirar y pensar
en volver a encontrarte aquí
y tenerte al fin.
""Hola Humbe, muchas, muchas gracias por ese mensaje tan especial.
Ya tendremos tiempo de conocernos,
y de agradecerte lo especial que has sido con Marianita.
Creo que para ella es un gran orgullo ver todo lo que has logrado.
Mientras tanto, te seguiremos acompañando de todo corazón
y te deseamos los mejores éxitos.""
Te tiro con arco como Cupido,
te tiro con arco como Cupido.
Como Cupido,
te tiro con a-
Te tiro con arco como Cupido,
te tiro con arco como Cupido.
Te tiro con arco...
...como Cupido.
Como Cupido.
Como cu.",audio/08. HUMBE - REM II.flac
31,HUMBLE.,Kendrick Lamar,DAMN.,Hip-Hop/Rap,2017-04-13,"Nobody pray for me
It been that day for me
Way, yeah, yeah
Ay, I remember syrup sandwiches and crime allowances
Finessin' on 'em with some counterfeits, but now I'm countin' this
Parmesan where my accountant lives in fact, I'm downin' this
D'ussé with my boo bae, taste like Kool-Aid for the analysts
Girl, I can buy yo' waist the world with my paystub
I know that it's good, won't you sit it on my taste bloods?
I get way too petty once you let me do the extras
Pull up on your block, then break it down, we playin' Tetris
A.m. to the p.m., p.m. to the a.m., funk
Eat up your per diem, you just gotta hate 'em, funk
If I quit your BM, I still ride Mercedes, funk
If I quit this season, I still be the greatest, funk
My left stroke just went viral
Right stroke put lil' baby in a spiral
Soprano C, we like to keep it on a high note
It's levels to it, you and I know
Tell 'em, be humble (hol' up), sit down (hol' up, hol' up, lil', hol' up, lil')
Be humble (hol' up), sit down (hol' up, sit down, lil', sit down, lil')
Be humble (hol' up, hol' up), sit down (hol' up, hol' up, lil', hol' up lil')
Be humble (hol' up), sit down (hol' up, hol' up, hol' up, hol' up)
Be humble (hol' up, hol' up), sit down (hol' up, hol' up, lil', hol' up, lil')
Be humble (hol' up), sit down (hol' up, sit down, lil', sit down, lil')
Be humble (hol' up, hol' up), sit down (hol' up, hol' up, lil', hol' up lil')
Be humble (hol' up), sit down (hol' up, hol' up, hol' up, hol' up)
Who that, uh, thinkin' that he frontin' on Man-Man? (Man-Man)
Get the, uh, off my stage, I'm the Sandman (Sandman)
Get the, uh, off my (ay), that ain't right (hol' up)
I make a play blowin' up your whole life
I'm so-so sick and tired of the Photoshop
Show me somethin' natural like afro on Richard Pryor
Show me somethin' natural, I wanna feel some stretch marks
Still'll take you down right on yo' mama couch in Polo sock
Ay, this is way too crazy, ay, you do not amaze me, ay
I blew cool from AC, ay, Obama just paged me, ay
I don't fabricate it, ay, most of y'all be fakin', ay
I stay modest 'bout it, ay, she elaborate it, ay
This that Grey Poupon, that Evian, that TED Talk, ay
Watch my soul speak, you let the meds talk, ay
If I kill a, um, it won't be the alcohol, ay
I'm the realest, um, after all
Tell 'em, be humble (hol' up), sit down (hol' up, hol' up, lil', hol' up lil')
Be humble (hol' up), sit down (hol' up, sit down, lil', sit down, lil')
Be humble (hol' up, hol' up), tell 'em sit down (hol' up, hol' up, lil', hol' up lil')
Be humble (hol' up), sit down (hol' up, hol' up, hol' up, hol' up)
Be humble (hol' up, hol' up), sit down (hol' up, hol' up, lil', hol' up, lil')
Be humble (hol' up), sit down (hol' up, sit down, lil', sit down, lil')
Be humble (hol' up, hol' up, hol' up, hol' up lil'), sit down (hol' up, lil')
Be humble (hol' up), sit down (hol' up, hol' up, hol' up, hol' up)",audio/08. Kendrick Lamar - HUMBLE..flac
32,Sticky,"Tyler, The Creator",CHROMAKOPIA,Hip-Hop/Rap,2024-10-27,"Uh
Poppin' that shit get you hit quick fast (mink, mink, mink)
Niggas poppin' off and niggas steppin' on the gas
Pop that shit like I'm poppin' some gum
Who the fuck you talkin' to, ho? I ain't the one
It's gettin' sticky, sticky, sticky
Bitch, it's gettin' sticky, sticky, sticky
Bro, it's gettin' sticky, sticky, sticky
Bitch, it's gettin' sticky, sticky, sticky
See, I'm a Westside nigga from the zone (what's goin' on, nigga?)
Knock, knock, knock, knock, knockin' at the door (I'm knockin' at the door, oh)
I keep them mink-minks on my hip 'cause I keloid my fists
Nigga, give a fuck 'bout pronouns, I'm that nigga and that bitch
It's gettin' sticky, sticky, sticky
Bitch, it's gettin' sticky, sticky, sticky
Bro, it's gettin' sticky, sticky, sticky
It's gettin' sticky, sticky
Sticky, sticky, sticky, bitch
Uh, lit-ass bitches, steppin' I be poppin' shit
Fly as fuck, niggas want that motion, I be in the cut
Sneaky link, she say that's her nigga, I don't give a fuck
These bitches tryna scrap, but I'm knuckin' if you buckin', ho
It's gettin' sticky (yup, yeah)
It's gettin' sticky (bitch, where they at?)
It's gettin' sticky (bitch)
It's gettin' sticky (yeah)
Bitch, let it be
Niggas say I ain't the guy, they must be smokin' ketamine
Always talkin' 'bout potential, bitch, I am the better me
Jack of all trades, name a nigga who ahead of me?
Must be God instead of me
Bitch, it's gettin' sticky
Yeah, it's gettin' sticky (yo, where they at?)
It's gettin' sticky (weird-ass nigga)
It's gettin' sticky (it's Sexyy, yeah)
Sexyy in this bitch, Tyler in this bitch, we turnt as fuck (Northside)
Bitches mad but can't beat my ass, ho, line it up (yeah)
I don't fight for my respect
Bitch, I fight for dick (keep yo' fuckin' kids off the streets)
Fah-fah-fah-fah, baby girl, I'm finna rock yo' shit
It's gettin' sticky (fuck that bitch, I'll clap yo' ho)
It's gettin' sticky (nigga, fuck that bitch, I'll clap yo' ho)
It's gettin' sticky (nigga, fuck that bitch, I'll clap yo' ho)
It's gettin' sticky (fuck that trick, I'ma-)
It's gettin' sticky in this bitch
Sticky situation (rock 'em), discombobulation
Caught me red-handed, palms itchin' like rosacea
Standin' like ovation on business occupation
Drippin' condensation, gotta whisper conversations
It's gettin' sticky (Tunechi)
It's gettin' sticky (it's gettin' sticky in this bitch)
It's gettin' sticky (CHROMAKOPIA, CHROMAKOPIA)
It's gettin' sticky (CHROMA-)
Grab that mop, grab that mop (mm)
I got something, bitch (grab that)
Better find a mop, it's gettin' sticky in this bitch (mm)
Better find a mop, it's gettin' sticky in this bitch
Better find a mop, it's gettin' sticky in this bitch (yeah, that dog tooth)
Better find a mop, it's gettin' sticky in this-
Yeah, bitch, I'm outside wit' it (mm, uh), tell them niggas I did it
Allergies to bum niggas, I see you, my eyes itchin'
This shit regular, regular, all that shit be regular
Ahead of you, I'm better, baby, check the vehicle
LaFerrari (mm-hmm), niggas sour (mm-hmm)
I can fit ten hundred thousand in these trousers (mm-hmm)
Buddy pillowtalkin', ""Stay away from 'Konma"" (mm-hmm))
A homewrecker, I be fuckin' who I wanna (mm-hmm)
Okay, big dick nigga, big stompin' through your town
All the bi bitches know the fuck is goin' down
That's a bet, skip the sex, ride my face, break my neck
Fuck now, mood swingin' like, jet
Fuck that aimin' 'bout?
Hittin' everything that's in my way, fuck what they talkin' 'bout
I be gettin' off like holiday, man, push put some paper out
Fuck comparin' bank accounts (uh)
Louis V say my name, we ain't worth the same amount, boy
Better find a mop, it's gettin' sticky in this bitch (oh)
Better find a mop, it's gettin' sticky in this bitch (oh, sticky)
Better find a mop, it's gettin' sticky in this bitch (oh)
Better find a mop, it's gettin' sticky in this bitch (oh)
Better find a mop, it's gettin' sticky in this bitch (oh)
Better find a mop, it's gettin' sticky in this bitch (yeah, yeah, yeah, oh)
Better find a mop, it's gettin' sticky in this bitch (oh)
Better find a mop, it's gettin' sticky in this bitch
Gettin' sticky, sticky, sticky, sticky (oh, no, no, no)
Sticky","audio/08. Tyler, The Creator - Sticky.flac"
33,BOKeTE,Bad Bunny,DeBÍ TiRAR MáS FOToS,World,2025-01-04,"Eh, 6
6 PM frente al río
Viéndono' los corazone'
Las moda' cayendo
Preguntas sin contestacione'
Mis sentimiento' cambian como estacione'
Y aunque en PR todo el tiempo es verano
Estoy pasando frío escuchando estas cancione'
Pensando en ti, pero no te emocione'
Porque no te vo'a escribir
¿Cuál de los dos es quien más va a sufrir?
No sé
Pero ojalá que seas tú, ojalá que seas tú
Pa' mí que vas a ser tú
Ya ni quiero competir
Tú ere' linda, pero te gusta mentir
Quédate en tu viaje, que cuando aterrice
Nadie va a aplaudir, ey
Un día va' a ponerte vieja
Va' a mirar pa'trá' y te va' a arrepentir
De que lo más real que has tenido
En tu vida lo dejaste ir
Ey, ey
Tú ere' un boquete en PR
Por eso es que te esquivo
Ya no hay más poema' pa' ti
Este es el último que escribo
A-a vece' vienen los flashback
Tú y yo chingando agresivo
Te-te-te iba a llevar pa' Maya
Y no llegaste ni a Arecibo
La invitación de la playita se venció
Lo mejor de nosotro' nadie lo vio
O quizá fue que la vida nos mintió
Y tocó decir adiós
Y vivir como vivía ante' de conocerte
Viendo fotito' tuya'
Probando si soy fuerte
Las ola' con el viento
Los perro' y la suerte
Tenía miedo 'e perderte
Pero no má' que a la muerte
Ya estoy vivo
Gracia' a Dio', estoy vivo, eso es lo que importa
Yo me he enamorao' 515 vece', y contigo son 516
So eso no es na' nuevo
Toca seguir, pichar y olvidar
Y má' alante si hay que enamorarno' de nuevo
Nos volvemo' a enamorar
Tú sabe' que a mí me gusta estar así, enamorao', pero
Ya ni quiero competir
Tú ere' linda, pero te gusta mentir
Quédate en tu viaje, que cuando aterrice
Nadie va a aplaudir, ey
Un día va' a ponerte vieja
Va' a mirar pa'trá' y te va' a arrepentir
De que lo más real que has tenido
En tu vida lo dejaste ir",audio/09. Bad Bunny - BOKeTE.flac
34,VEGAS,HUMBE,DUEÑO DEL CIELO,Desconocido,2025-12-06,"-pido
Y es que tan difícil enamorarte,
solo se burla el destino:
te pone a mi lado,
y luego me hace ilusionarme.
Se apresura en mostrarme
lo que quiero,
pa' luego largarse.
Te tiro con arco como Cupido,
pero es tan difícil pegarte la flecha,
si siempre cambias de camino.
Yo nunca le atino,
tal vez me retiro,
tal vez sentirme solo es lo mío.
Porque ya me cansé
de que solo me veas como amigo.
Quiero ser algo más,
juntarnos al menos un par de semanas,
en ""Nunca Jamás"".
En un mundo ficticio, besar,
los labios que sé,
que en mi vida no podré tocar.
Y es que ya me cansé,
de que no sea el teléfono mío,
al que llamarás,
cuando llegue el día,
que se caiga el cielo,
y se nos queme el mar.
Dime entonces con quién estarán,
las manos que toda mi vida,
quise sujetar.
Si apostara lo que siente el pecho,
perdería como en Las Vegas mi dinero.
Me enfrentaría a lo que tanto miedo tengo:
que tú me digas que no es mutuo el sentimiento.
Quiero ver cómo huele tu cuello,
amanecer enredados en tu cabello,
la cafetera haciendo ruidos a lo lejos.
No hay que distraernos,
sé que es un sueño,
pero no quiero perderlo.
Porque me alteras la química:
cómo te mueves, cómo te ves,
fundaste mi lírica.
Quiero conectarme a una realidad,
que sea recíproca,
la vida contigo se siente onírica.
Si no es eso, no acepto.
No me quiero gastar, ilusionar,
yo quiero un amuleto:
turmalinas y cuarzo,
energía de luna cerca de mi pecho,
que me ayude a hechizarte y tenerte,
y que todo se vuelva perfecto.
Tal vez y hace efecto,
y quizá con el tiempo,
me dejes de ver como solo un amigo.
Quiero ser algo más,
juntarnos al menos un par de semanas
en ""Nunca Jamás"".
En un mundo ficticio, besar,
los labios que sé,
que en mi vida no podré tocar.
Y es que ya me cansé
de que no sea el teléfono mío,
al que llamarás,
cuando llegue el día,
que se caiga el cielo,
y se nos queme el mar.
Dime entonces, ¿con quién estarán
las manos que toda mi vida
quise sujetar?
Dale, dale, dale, dale, dale, dale...
¡Dale!
Te tiro con arco como Cupido.
Ya no muevas solo eso es lo que yo pido.
Lo único que quiero es montarte un flechazo.
Que te quedes conmigo, hacer una bohemia.
Otra noche contigo, si es lo que quieres, dame un abrazo
(¿Como uso mi arco?)
toda la vida.
(Contigo no puedo siempre le fallo al tiro)
En mar abierto, hasta la orilla.
Santa Maria.
Superpoderes.
(No pienso dejar de usarlo hasta no ver un anillo en tu mano)
Telekinesis.
Te quiero acercar a mi cuerpo tomando el control de mi mente.",audio/09. HUMBE - VEGAS.flac
35,LUST.,Kendrick Lamar,DAMN.,Hip-Hop/Rap,2017-04-13,"I need some water
Somethin' came over me
Way too hot to simmer down
Might as well overheat
Too close to comfort
As blood rush, my favorite vein
Heartbeat racin' like a junkie's
I just need you to want me
Am I askin' too much?
Let me put the - in
Ooh, I don't want more than that
Girl, I respect the cat
I promise just a touch
Let me put the - in, if it's okay
She said, ""It's okay""
Yeah, I need everybody's motherfuckin' hands up right now
I need everybody's motherf-
Door and his Nike Air Rattles
Rush the fire exit, no time for battles
Well I, I never expected
This that new, new -
Wake up in the mornin', thinkin' 'bout money, kick your feet up
Watch you a comedy, take a -, then, roll some - up
Go hit you a lick, go f- on a -
Don't go to work today, cop you a fit
Or maybe some kicks and make you
Door and his Nike Air Rattles
Rush the fire exit, no time for battles
Well I, I never expected
Wake up in the mornin', thinkin' 'bout money, kick your feet up
Watch you a comedy (hol' up!)
Wake up in the mornin', thinkin' 'bout money, kick your feet up
Watch you a comedy, take a -, then, roll some - up
Go hit you a lick, go f- on a -, don't go to work today
Cop you a fit or maybe some kicks and make it work today
Hang with your homies, stunt on your baby mama
Sip some -, go get a pistol, shoot out the window
Bet, your favorite team, play you some madden
Go to the club or your mama house
Whatever you're doin', just make it count (I need some water)
Wake up in the mornin', thinkin' 'bout money, kick your feet up
Hop in the shower, put on your makeup, lace your weave up
Touch on yourself, call up your -, tell him he ain't -
Credit card scam, get you a visa, make it pay your rent
Hop on the 'gram, flex on the - that be hatin' on you
Pop you a -, call up your -, have 'em waitin' on you
Go to the club, have you some fun, make that - bounce
It's whatever, just make it count
I need some water
Somethin' came over me
Way too hot to simmer down
Might as well overheat
Too close to comfort
As blood rush, my favorite-
Heartbeat racin' like a junkie's
I just need you to want me
Am I askin' too much?
Let me put the - in
Ooh, I don't want more than that
Girl, I respect the cat
I promise just a touch
Let me put the - in, if it's okay
She said, ""It's okay""
I wake in the mornin', my head spinnin' from the last night
Both in the trance, feelings are dead, what a fast life
Manager called, the lobby called, it's 11:30
Did this before, promised myself I'd be a hour early
Room full of clothes, bag full of money, call it loose change
Fumbled my jewelry, a 100k, I lost a new chain
Hop on the bird, hit the next city for another M
Take me a nap and do it again
We all woke up, tryna tune to the daily news
Lookin' for confirmation, hopin' election wasn't true
All of us worried, all of us buried, and our feelings deep
None of us married to his proposal, make us feel cheap
Still and sad, distraught and mad, tell the neighbor 'bout it
Bet, they agree, parade the streets with your voice proudly
Time passin', things change
Revertin' back to our daily programs, stuck in our ways
Lust!
Lately, I feel like I been lustin' over the fame
Lately, we lust on the same routine of shame
Lately, lately, lately, my lust been heightened
(Lately) lately, it's all contradiction
Lately, I'm not here
Lately, I lust over self
Lust turn into fear
Lately, in James four, four says
""Friend of the world is enemy of the Lord""
Brace yourself, lust is all yours
I need some water
Somethin' came over me
Way too high to simmer down
Might as well overheat
Too close to comfort
As blood rush, my favorite vein
Heartbeat racin' like a junkie's
I just need you to want me
Am I askin' too much?
Let me put the - in
Ooh, I don't want more than that
Girl, I respect the cat
I promise just a touch
Let me put the - in, if it's okay
She said, ""It's okay""",audio/09. Kendrick Lamar - LUST..flac
36,Take Your Mask Off,"Tyler, The Creator",CHROMAKOPIA,Hip-Hop/Rap,2024-10-27,"la-la-la-la-la-la-la
Uh
Big guns, big guns, what you got, huh?
Slatt, slatt and pop back at the opps, uh
Gang this, oh, you gang that?
Don't let 'em know that you regret how you became that
A good kid, fine home, mom and dad in the pic'
A little middle-class money, every Christmas legit
Family trips, Ivy-bound, and one day, hit a switch
You ain't wanna be seen as a bitch, cuz
And none them face tats gon' hide the fact that you sad, bruh
You ain't a thug, you was in drama club, you's a actor
But now cuz gettin' validation from the dumb and confused (ayy, Blood)
Now you facin' five to ten 'cause you got somethin' to prove
Let's talk about it
And I hope you find yourself (uh)
And I hope you find yourself (yeah)
And I hope you take your mask off (sad story, yeah)
Preacher man, preacher man, preach
You make these folks think you got somethin' to teach
Like you ain't lyin'
Big bank from them collections, but what you buyin'?
Ain't too fond of them gays, you don't deny it, wait
Since a kid, you knew somethin' was up
Had you thinkin' God would hate you so you covered it up
Gotta hide how you live, what you really enjoy
So got a wife, got a kid, but you be fuckin' them boys
Sick of all the shame, sick of all the pain that's within
Scared of bein' seen, tired of rebukin' a sin
Trade it all to be free and shine bright like the Sun
But you back on that religious shit as soon as you cum
Let's talk about it
And I hope you find yourself (hope you find yourself)
And I hope you find yourself
And I hope you take your mask off (take your mask off)
Big-ass house that's on the Hills (hill)
Big-ass wheels in the garage ('rage, hope you find yourself)
Three cute kids that's in your arms
Your husband just made another mil'
You want your life back and a massage
Tired of bein' at home, personality gone
Body ain't been the same (nah)
Postpartum is long, your identity gone
Mama your first name, your last one got changed
They dream about your nest but you crave flyin' alone, mane (oh)
You would start all over if we keepin' it real
Current life is full but you ain't feelin' fulfilled
Fantasize about the dream you left on the shelf
Can't even get alone time to think of killin' yourself
Let's talk about it
And I hope you find yourself (ah, it's feelin' narrow, hope you find yourself)
And I hope you find yourself
And I hope you take your mask off (oh-oh)
Keep that shit one hundred with you, with self
You don't have to put on no costume
You don't ever have to lie to kick it
Yeah, tool won't stay hard, pain in your chest
Hair fallin' out, won't blame it on the stress
Claim it's new partners, blame it on your ex
Chest claim it's reflex, try to blame it on the cook
Look, boy, keep runnin', you'll be crampin' in your foot
Nervous, then you notice ain't no service on the hook
Paranoid since nineteen, nervous system shook
Better sit the fuck down or that skull gettin' took
That's ten million dollars invested, no justifyin' that
Tryna sell them weird-ass clothes, nobody buyin' that
Sentiment is right, but your audience isn't racked enough
That shit is a failure, my nigga, gon' 'head and pack it up
And put it in the trunk, you talk a lot of shit to not even be number one (no)
Your beats ain't placin', them songs ain't slappin', your raps ain't rankin'
Your stage presence don't even be in they conversation, go home
You ain't gotta hide from the truth
Tell your family why you such a recluse
Tell your spirit why you feelin' it's a wrap in the booth
Dawg, how dare you try to ruin her marriage? (Come on)
Claim you never wore a mask or how you don't get embarrassed
Boy, you selfish as fuck, that's really why you scared of bein' a parent
Boy, that therapy needed, I'd dare you to seek it, but I'll lose a bet
Your respect won't get given 'til we postin' your death
It's clear you wish you got your flowers sent
You eatin' fertilizer to balance shit
Now go and stand in the sun, and use 'em fake tears to water your roots
Take that mask off and tell 'em the truth
Let's talk about it, nigga
And I hope you find yourself
And I hope you find yourself
And I hope you take your mask off","audio/09. Tyler, The Creator - Take Your Mask Off.flac"
37,KLOuFRENS,Bad Bunny,DeBÍ TiRAR MáS FOToS,World,2025-01-04,"¿Cómo diablos vo'a olvidarte
Si ya te vi sin ropa?
Guau, qué obra de arte
Sé que prometí que iba a alejarme
¿Pero cómo quieres que me vaya bien
Si tú no me sacas de lo' close friend'?
Me paso stalkeándote pa ver qué hace'
Enchulao, puede que se me pase
¿Pero cómo quieres que me vaya bien
Si tú no me sacas de lo' close friend'?
Me paso stalkeándote pa ver qué hace'
Enchulao, puede que se me pase
¿Cómo diablo' vo'a olvidarte
Si cuando estoy solo y prendo lo que hago es pensarte?, eh-eh
Mami, me dejaste hipnotizao, colonizao
Otra galla como tú, todavía no he pisao
Ese totito era bello, precioso, cute
Me dejaste enviciao, ey
Pelinegra o blondie, ma, tú ere la baby
Dando vueltas por la SanSe escuchando a Dei V y a Ousi
To lo mío e' tuyo, si quieres te doy la OC
Quiero comerte esos labio' glossy
Oh, sí, mm
Esto no tiene que pasar, no
Pero veo el circulito verde y me vuelvo a ilusionar
Tú eres mala, tú lo haces intencional
Una player profesional
Total, esto no iba a funcionar
Pero te veo y me vuelvo a ilusionar
Tú eres mala, tú lo haces intencional
A tu nombre me lo voy a lesionar
Ta cabrón que pa ti es normal
¿Pero cómo quieres que me vaya bien
Si tú no me sacas de los close friend'?
Mm-mm, mm-mm, mm-mm, mm-mm
Dime qué pasó, mi amor
Que ya no me envías los buenos días por las mañanas
Y en la noche antes de acostarte ya no me llamas
¿Será que ya encontraste
A alguien má' y me cambiaste?
Está cabrón cómo de tu vida ya desaparecí
Qué triste que terminó así, que terminó así, eh
¿Será que a otro ahora le cuentas tu día
Y lo haces reír con los chistes que tú me hacía'?
No tengo stickers nuevos, mami, porque ya tú no me los envía'
Te fuiste cuando más yo te quería, eh
Y ya nadie sabrá lo que tú y yo pudo ser
Qué triste, no conocerás
Esa parte de mí que yo sé que te iba a gustar
Y nadie sabrá lo que tú y yo pudo ser
Qué triste, no conocerás
Esa parte de mí que yo a nadie le suelo mostrar",audio/10. Bad Bunny - KLOuFRENS.flac
38,BOHEMIA,HUMBE,DUEÑO DEL CIELO,Desconocido,2025-12-06,"Give your life for Jesus!
Donations!
Je-
Je-
Jesus! Donations!
-ait
-ait
Je-
Me haces bien.
Quiero tomarte como agua
después de ir a correr.
Quiero sentirme en todo el derecho
de hacer lo que quiera contigo.
Contigo estoy entre el mar y la arena.
Mándame postales con tu olor,
que me hagan recordarte bien.
Algo prohibido,
a palabras contarme qué quieres hacer conmigo.
Hagamos bohemia entre tú y yo.
Ven y con tus manos siénteme,
recorriendo de mi cuello hasta mis pies.
Tú conoces cada ruta de mi cuero,
tú conoces mis deseos.
Hazme una prueba, yo lo puedo hacer,
porque si no lo estudié, lo hago de intuición.
Una bohemia entre tú y yo.
Una bohemia entre tú y yo.
Una bohemia entre tú y yo.
Abre bien tu mente, yo no soy fugaz.
(No)
Nada efímero.
Vivo en miedo a regresar y darme
cuenta de lo que deje por darte.
Mi jardín murió por esperarme,
y yo buscando una señal de vida o de donde estás tú.
Yo te tengo de tattoo y no estás aquí.
Yo te pido cada noche al dormir,
y despierto y no te tengo por aquí.
Tanto tiempo implorando,
no me hagas rogar.
Mándame postales con tu olor,
que me hagan recordarte bien.
Algo prohibido,
A palabras contarme qué quieres hacer conmigo.
Hagamos bohemia entre tú y yo.
Ven y con tus manos siénteme,
recorriendo de mi cuello hasta mis pies.
Tú conoces cada ruta de mi cuerpo,
mis deseos.
Haz tu prueba y yo la pruebo,
Si no es de memoria, me lo sé de corazón.
De intuición, de intuición.
Una bohemia.
Una bohemia,
una bohemia.
Una bohemia.
Una bohemia entre tu y yo.
Una bohemia.
Una bohemia.
Una bohemia.
Una bohemia.
Una bohemia.
Una bohemia.
Una bohemia.",audio/10. HUMBE - BOHEMIA.flac
39,LOVE.,Kendrick Lamar,DAMN.,Hip-Hop/Rap,2017-04-13,"Damn
Love or lust
Damn
All of us
Give me a run for my money
There is nobody, no one to outrun me
(Another world premiere)
So give me a run for my money
Sippin' bubbly, feelin' lovely
Livin' lovely
Just love me
I wanna be with you, ayy (just love me)
I wanna be with (just love me, just love)
I wanna be with you, ayy (love me), I wanna be with
I wanna be with you (love me, just love me)
If I didn't ride blade on curb, would you still (love me)?
If I minimized my net worth, would you still (love me)?
Keep it a hundred, I'd rather you trust me than to (love me)
Keep it a whole one hund', don't got you I got nothin'
Ayy, I got somethin' (I got somethin'), ayy
Hol' up, we gon' function (we gon' function), ayy
No assumptions (no assumptions), ayy
Feelin' like Tyson wit' it (feelin' like Tyson wit' it)
Knock it out twice, I'm wit' it (knock it out twice, I'm wit' it)
Only for the night, I'm kiddin' (only for the night, I'm kiddin')
Only for life, yeah
Only for life, yeah, only for life, let's get it
Hit that shoulder lean
I know what comin' over me
Backstroke oversea
I know what you need
Already on ten, all money come in
All feelin' go out, this feelin' don't drought
This party won't end (love me, love me)
If I didn't ride blade on curb, would you still (love me)?
If I minimized my net worth, would you still (love me)?
Keep it a hundred, I'd rather you trust me than to (love me)
Keep it a whole one hund', don't got you I got nothin' (oh, oh)
Give me a run for my money
There is nobody, no one to outrun me
So give me a run for my money
Sippin' bubbly, feelin' lovely
Livin' lovely
Just love me
I wanna be with you, ayy (just love me)
I wanna be with (just love me, just love)
I wanna be with you, ayy (love me), I wanna be with
I wanna be with you (love me, just love me)
I'm on the way
We ain't got no time to waste
Poppin' your gum on the way (love me)
Am I in the way?
I don't want pressure you none
I want your blessin' today (love me)
Oh, by the way, open the door by the way
Told you that I'm on the way (love me)
I'm on the way, I know connection is vague
Pick up the phone for me, babe (love me)
Dammit, we jammin'
Bad attitude from your nanny
Curves and your hips from yo' mammy
Remember Gardena? I took the studio camera
I know Top will be mad at me
I had to do it, I want your body, your music
I bought the big one to prove it
Look what you made
Told you that I'm on the way
I'm like an exit away, yep
If I didn't ride blade on curb, would you still (love me)?
If I minimized my net worth, would you still (love me)?
Keep it a hundred, I'd rather you trust me than to (love me)
Keep it a whole one hund', don't got you I got nothin' (oh, oh)
Give me a run for my money
There is nobody, no one to outrun me
So give me a run for my money
Sippin' bubbly, feelin' lovely
Livin' lovely
Just love me
I wanna be with you, ayy (just love me)
I wanna be with (just love me, just love)
I wanna be with you, ayy (love me), I wanna be with
I wanna be with you (love me, just love me)",audio/10. Kendrick Lamar - LOVE..flac
40,Tomorrow,"Tyler, The Creator",CHROMAKOPIA,Hip-Hop/Rap,2024-10-27,"(Give it up)
Nigga, I'm gettin' old and I need a grandchild, please (Give it up)
Just one, please, all I need is one (Give it— Give it up)
We need a little tiny Tyler lurking around here, okay?
We need a little dookie woodie running around here, okay?

My mother's hands don't look the same
These jet black strands are turning gray
I'm gaining weight, I'd rather rest
The thought of children, it brings me stress
Because time is changing (Ooh)

But don't you wait on me (Ooh, don't), I'll be fine
But don't you wait on me (Ooh, don't), oh, I'll be fine
But don't you wait for me (Ooh, don't)
'Cause time got nothing right (Ooh), don't (Don't), uh

Worry 'bout tomorrow, worry 'bout tomorrow
Can you worry 'bout tomorrow? Ayy, ayy, ayy (Tomorrow)
Worry 'bout tomorrow (Tomorrow), worry 'bout tomorrow, ooh

Yeah, what's gotten into me? Nah that ain't the energy
That version of T that you knew was a memory
Who is that? You niggas get too attached to hear the theory
Face clear, few wrinkles on my spirit (No cap)
Now, cousin', this ain't no tuggin'
I don't like cages, I'd rather be floodin'
Thought this shit out, I pop out with that oven
Tell that new version of me that I'm comin' (Oh my, yeah)
Yeah, my brodie had another baby, that's like number two (Number-two)
My homegirl and I tired, she like thirty-two (Thirty-two)
They sharin' pictures of this moment, shit is really cute
And all I got is photos of my 'Rari and some silly suits (Yeah)
Mhm, but I flip the switch and finally settle down
Mhm, go the other way and keep my panties down
Uh-huh, I'm too paranoid, so I'ma air it out
And any pressure that you're puttin' on me, I'ma tear it down

Don't you wait on me, I'll be fine
Don't you wait on me, I'll be fine
Don't you wait for me, I'll be fine
'Cause time got nothing right","audio/10. Tyler, The Creator - Tomorrow.flac"
41,TURiSTA,Bad Bunny,DeBÍ TiRAR MáS FOToS,World,2025-01-04,"En mi vida fuiste turista
Tú solo viste lo mejor de mí
Y no lo que yo sufría
Te fuiste sin saber el porqué
El porqué de mis herida'
Y no te tocaba a ti curarla'
Viniste a pasarla bien
Y la pasamo' bien
Una foto bonita
Un atardecer hermoso
Una bailaíta'
Tu cadenita de oro
Estuvimo' tan cerquita
Mirándono' a los ojo'
Dime si viste la pena
De mi corazón roto
Que lleva así, lleva así mucho tiempo
Que lleva así, lleva así muchos año'
Escondiéndome los sentimiento'
Tengo miedo que me hagan más daño
Y lleva así, lleva así mucho tiempo
Ya lleva así, lleva así muchos año'
Ey, yo no sé, mi amor
Lo que la vida tendrá
Pa' ti y pa' mí
Si se da, pues, se da
Y si no, pues también
Vamo' a disfrutar, que
La noche se puso bonita
Pero no tanto como tú
Jamás y nunca como tú
En mi vida fuiste turista
Tú solo viste lo mejor de mí
Y no lo que yo sufría
Te fuiste sin saber el porqué
El porqué de mis herida'
Y no te tocaba a ti curarla'
Viniste a pasarla bien
Y la pasamo' bien",audio/11. Bad Bunny - TURiSTA.flac
42,DUEÑO DEL CIELO,HUMBE,DUEÑO DEL CIELO,Desconocido,2025-12-06,"Me llevaste a volar como si fueras dueño del cielo.
Como si supieras lo que estabas haciendo.
Me llevaste a volar como si fueras dueño del cielo.
Como si supieras lo que estabas haciendo.
Seamos honestos:
tú no sabes qué pasé,
y lo qué estaba sintiendo.
Paraste mi tiempo,
soltaste una bomba,
vendaste mis ojos,
contaste hasta cero.
Hicimos confianza,
y ahora solo a ti mi carro te presto.
Un sentimiento:
seguro me siento contigo al volante,
estando en movimiento.
Nos estamos moviendo.
Mmh.
Estamos acelerando como un Kawasaki Ninja.
(Siente la velocidad).
Velocidad.
(Agárrate bien, que te vas).
Que no quiero envenenarme,
no me quiero lastimar,
no me quiero acostumbrar
a pasar mi tiempo contigo,
sabiendo que no soy nadie para ti.
Y si yo me voy,
nada cambiará aquí,
porque yo, aquí,
no soy nadie para ti.
Latidos como tambores;
cuando tú llegas sin avisar.
Cuando me miras, hay reflectores;
cuando jodemos, yo siento colores.
Y es que me caga,
yo solo me pongo en esas situaciones.
Me meto en un lío,
sabiendo que no encontraré soluciones.
Si le doy pa' adelante,
acabaré conmigo antes de que mejore.
(Antes de que mejore).
Mmh
Me llevaste a volar como si fueras dueño del cielo.
Como si supieras lo que estabas haciendo.
Me llevaste a volar como si fueras dueño del cielo.
Como si supieras lo que estabas haciendo.
Me llevaste a volar como si fueras dueño del cielo.
Como si supieras lo que estabas haciendo.
A veces yo quisiera
tener 14 años en Navidad;
cohetes tronar con mi papá,
imaginar.
Imaginarme que nunca iba a acabar,
que la vida era así,
que yo era inmortal.
(I- I- I- I- I- Inmortal)
Y en un mundo tan grande,
tanto que mis pies del banco al piso no llegaban.
Techos altos, daba vértigo mirar.
Y ahora da igual.
¿Cómo te explico? Da igual.
No soy la persona de antes.
Ahora volví a cambiar.
Ahora pude ser yo,
ya logré renacer.
Entonces volví a creer
que el tiempo lo curaba todo.
Y con tiempo, volví a ser él.
Me llevaste a volar como si fueras dueño del cielo.
Como si supieras lo que estabas haciendo.
Me llevaste a volar como si fueras dueño del cielo.
(Me llevaste a volar, me llevaste a volar)
Como si supieras lo que estabas haciendo.
Y si yo me voy,
nada cambiará aquí.
Me llevaste a volar como si fueras dueño del cielo.
Como si supieras lo que estabas haciendo.
Me llevaste a volar como si fueras dueño del cielo.
Como si supieras lo que estabas haciendo.
Me llevaste a volar como si fueras dueño del cielo.
Como si supieras lo que estabas haciendo.
No te lo niego:
desde un inicio que yo te vi,
me siento en mi centro.
Llegué a mi castillo.
Por fin le llueve a este desierto.
Me diste algo para ver.
Quiero decir que contigo estoy bien,
y no me quejo si es contigo
con quien amanezco
para siempre.
.
Para siempre.",audio/11. HUMBE - DUEÑO DEL CIELO.flac
43,XXX.,Kendrick Lamar,DAMN.,Hip-Hop/Rap,2017-04-13,"America, God bless you if it's good to ya
America, please take my hand
Can you help me underst-
New Kung Fu Kenny
Throw a steak off the yacht to a pool full of sharks, he'll take it
Leave him in the wilderness with a sworn nemesis, he'll make it (he'll make it)
Take the gratitude from him, I bet he'll show you something, woah (woah)
I'll chip a n- little bit of nothing
I'll chip a n- little bit of nothing
I'll chip a n- little bit of nothing
I'll chip a n- then throw the - in his lap
Walk myself to the court like, ""B- I did that, "" X-rated
Johnny don't wanna go to school no more, no more
Johnny said books ain't cool no more (no more)
Johnny wanna be a rapper like his big cousin
Johnny caught a body yesterday out hustlin'
God bless America, you know we all love him
Yesterday I got a call, like, from my dawg, like 101
Said they killed his only son because of insufficient funds
He was sobbin', he was mobbin', way belligerent and drunk
Talkin' out his head philosphing on what the lord had done
He said, ""K-Dot, can you pray for me? It's been a f- up day for me
I know that you anointed, show me how to overcome""
He was lookin' for some closure, hopin' I could bring him closer
To the spiritual, my spirit do no better, but I told him
""I can't sugar coat the answer for you, this is how I feel
If somebody kill my son, that mean somebody's gettin' -""
Tell me what you do for love, loyalty, and passion of
All the memories collected, moments you could never touch
I wait in front, a n- spot and watch him hit his block
I'll catch a n- leavin' service if that's all I got
I'll chip a n-, then throw the - in his lap
Walk myself to the court like, ""B-, I did that""
Ain't no Black Power when your baby killed by a coward
I can't even keep the peace, don't you f- with one of ours
It be murder in the street, it be bodies in the hour
Ghetto bird on the street, paramedics on the dial
Let somebody touch my momma, touch my sister, touch my woman
Touch my daddy, touch my niece, touch my nephew, touch my brother
You should chip a n-, then throw the - in his lap
Matter fact, I'm 'bout to speak at this convention, call you back
Alright kids, we're gonna talk about gun control
(Pray for me) damn
It's not a place
This country is to be a sound of drum and bass
You close your eyes to look around
Hail Mary, Jesus and Joseph
The great American flag is wrapped and dragged with explosives
Compulsive disorder, sons and daughters
Barricaded blocks and borders
Look what you taught us
It's murder on my street, your street, backstreets, Wall Street
Corporate offices, banks, employees, and bosses with
Homicidal thoughts, Donald Trump's in office
We lost Barack and promised to never doubt him again
But is America honest, or do we bask in sin?
Pass the gin, I mix it with American blood
Then bash him in, you Crippin' or you married to Blood?
I'll ask again, oops, accident
It's nasty when you set us up then roll the dice, then bet us up
You overnight the big rifles, then tell Fox to be scared of us
Gang members or terrorists, et cetera, et cetera
America's reflections of me, that's what a mirror does
It's not a place
This country is to be a sound of drum and bass
You close your eyes to look ar-",audio/11. Kendrick Lamar - XXX..flac
44,Thought I Was Dead,"Tyler, The Creator",CHROMAKOPIA,Hip-Hop/Rap,2024-10-27,"You don't wanna go to war with a soldier
You don't wanna go to war with a soldier
You don't wanna go to war with a soldier
You don't wanna go to war with a soldier (there's more to life than just - workin', bro)
(They thought I was dead)
Okay, - I've been trapped in a zoo
- got plaques like the crack of a tooth (uh-huh, uh-huh)
I need some space like the back of a coupe
I'm tryna magic wand I'm tryna poof, so (they thought I was dead)
Grab the - (mm), - all the glitz and the glamour (mm)
I want a crib in Atlanta, brodie
Me and my - changin' pampers (mm)
Them - thought I was dead (mm)
Them - thought I was dead (you ain't gon' see me)
You - thought I was dead (-, no way)
You - thought I was dead (I turned to a ghost)
Them - thought I was dead (I'm over this -)
Them - thought I was dead (I'm over this -)
(They thought I was dead, dead)
Them - thought I was dead
Them - thought I was dead
You - thought I was dead
You - thought I was dead
- thought I was dead
Them - thought I was dead
You - thought I was dead
You - thought I was dead
Get love in the hood, but I must leave (yeah)
Boy, I'm way in the hills where they can't see (can't see)
Swear I burned 20 M's, 2018 (yeah)
Like I play for the Bills, goin' OD (they thought I was dead)
- tend to get rich and they act weird (weird)
How you walkin' out the party with your butt pierced? (Come on)
-, I'd rather play golf 'til the check clear (yeah)
- turn 35, now they out here (they thought I was dead)
-, Rolls or the 'Rari? Tryna program
I was really outside with the dope man
Now I really got M's, -, no chance
I don't wanna be seen in your bromance, hm
Packed in, goddamn, that dream
Never seen a - with a - cap game (they thought I was)
If a - think he gon' get blatt-blatt-blatt-blatt me
Them - thought I was dead (yeah)
Them - thought I was dead
These - thought I was dead (they thought that I was dead)
These - thought I was dead (they thought that I was dead)
- thought I was dead (I was dead)
- thought I was dead (whoa, whoa)
You - thought I was dead (dead)
Them - thought I was dead (they thought I was dead)
I don't wanna be found, I don't wanna be down
I don't wanna be found, I don't wanna be down
I don't wanna be found, I don't wanna be down (oh, you know Tyler and his tone)
I don't wanna be found (I'm so sick of these -)
I don't wanna be down (they don't know you, - you)
White boys mocking this - and y'all mad at me?
Y'all can suck my -
Pull up old tweets, pull up old T-shirts
All that, I'll moonwalk over that - (hee-hee)
See, T changed like the 'fit got dirty
I was young man then a - hit 30
I was one mil' then a - hit 30
- you ain't Coco Gauff you can't serve me
Anti-what? Hm, yeah, right
- runnin' they mouth keep it air tight
I'ma crash - out 'til my hair white
I got too much drive I'm a terabyte
I got a big ol' head, I ain't like these -
Uh-uh, don't put me with these -
I don't ""haha and kiki"" with these -
Loiter Squad, baby, I don't be with these -
Same boys with me since back back then
Everything I said I'd do I did (true story)
Talk my -? I sure damn will
You ain't like that -? I's do it again
Five in the morning I be hatin' on -
Ten in the evening I be hatin' on -
Ten years later might've changed my mind
I'm a fake- - - don't kill me
I'm a hypocrite, ain't real, ain't really
I'm a big troll, ha ha, I'm silly (I'm silly)
- you know about being better than them - that you hate?
You ain't good at -, you can't feel me
- your one-trick goat, I'm billy
Shout out papa, he for real (yeah)
Don't test V, he pop for real (don't bother)
Had to call him like stop and chill
Look, I tries to be out the way
I like the farm with the lake
I like some truth in my space
Y'all - friendly and fake
""That's big bro"" how, when y'all met yesterday?
This feel Planet of the Apes
Why am I filled with this hate?
Got freedom in every way
Y'all wanna take what I got
But y'all do not got what it take
I don't wanna be found, you h-
I don't wanna be down, you h-
I don't like comin' around, you h-
I will not knock-knock at your door
Just me that's what I said
Trav, these - is fed
Me? I'm over here
These - thought I was dead","audio/11. Tyler, The Creator - Thought I Was Dead.flac"
45,CAFé CON RON,Bad Bunny,DeBÍ TiRAR MáS FOToS,World,2025-01-04,"Por la mañana café, por la tarde ron
Ya estamo' en la calle, sal de tu balcón
(Por la mañana café, por la tarde ron)
(Ya estamo' en la calle, sal de tu balcón)
De Arecibo hasta Ponce, de Fajardo a Rincón
Es la voz de todo un barrio desde Almirante a Frontón
(Por la mañana café, por la tarde ron)
(Ya estamo' en la calle, sal de tu balcón)
Que lo bailen en Lloren, que lo bailen en Canale'
Hoy voy pa' la carretera con to' mis anormale'
(Por la mañana café, por la tarde ron)
(Ya estamo' en la calle, sal de tu balcón)
Hoy yo no quiero dormir, lo que quiero yo
Es amanecerme y beberme un galón
(Por la mañana café, por la tarde ron)
(Ya estamo' en la ca-)
Brother, yo no sé ni cómo llegué a casa anoche
Clase 'e loquera, y hoy me están tirando de nuevo pa' bajar pa' allá
Pero yo creo que hoy sí que, acho
Pichaera, que no me esperen, por-
El humo empañó el camino y no pude recordar
El camino pa' mi casa, hoy me vuelves a invitar
Yo me iba a quedar tranquilo pero si quiere' vacilar
Sube tú pa' la montaña porque hoy yo me quedo acá
Dile, dile, dile algo
Allá abajo (allá abajo)
Allá abajo (allá abajo)
No se me ha perdido na' (na')
Están arriba en el monte los código' de verdad
(Suban pa' acá pa' que vean)
¿qué?
(Ven subiendo) ey, ey
(Que no le vamo' a bajar)
(Sube tú pa' la montaña, hoy yo me quedo acá)
(¿Qué se hace hoy?, ¿Qué se hace hoy?)
Hoy se bebe
Hoy se bebe
Y nadie nos va a parar
El samurai está en brillo y el combo va a chinchorrear
(Ponle, ponle, ponle, ponle, ponle)
vamo'
(Ven subiendo) dale pa'cá
(Que no le vamo' a bajar) no le vamo' a bajar
(Sube tú pa' la montaña, hoy yo me quedo acá)
Ey, ten cuidao'
Ten cuidao', uy
Cuando te toque bajar
Que no te vaya' por risco
Y te tengamos que buscar
Yo te vo'a decir algo pa' que sepa'
En el monte hoy se rompe
Desde que sale el sol hasta que se esconde
(En el monte hoy se rompe)
Chillando goma, botando humo, dale, ponle
(En el monte hoy se rompe)
Suban pa' acá pa' que sientan el torque
(En el monte hoy se rompe)
Me vo'a dar otra en lo que los muchacho' hacen el corte",audio/12. Bad Bunny - CAFé CON RON.flac
46,9071 km,HUMBE,DUEÑO DEL CIELO,Desconocido,2025-12-06,"Sigue doliendo caminar
Tal vez no he sanado
Tal vez sea tiempo de soltar el pasado
Darme esa sensación de estar a tu lado
Algo, tal vez un placebo que me haga sentir
Que estoy dando mejores pisadas
Que mis piernas dejen de sentirse quebradas
Darme alas
Ya no quiero mirar hacia atrás
Darme alas
O tendré que seguir con mi rodilla que no sana
Pero con el tiempo aprendo a caminarla
Brinca cada barricada, aunque no esté totalmente cicatrizada
Tu fantasma me persigue, como ese dolor que siento de la nada
Es tu ausencia que me deja huella, solo me recuerda
Que yo todavía sigo perdido
Todavía no encuentro el camino
Para recordarte y reclamarte que tú jodiste mi ritmo
Y me ahogo en mi estado
Prefiero el pasado
Que afrontar lo que en la realidad me pasó
La realidad me jodió, ah
Pero sigo creyendo que algún día podré correr más
Rápido que Usain en Germany, cada récord pasar
Hamilton en mi espalda, cada circuito, no vo' a frenar
Tengo que demostrarme que yo sin ti puedo hacerme sentir suficiente
Que no necesito de nada
Que ahora sí pueda borrar tu mirada
Hoja pasada y me aburrí
Por usarme y bailar en las llamas
Te quemé a ti
Y luego me fui
Ya no estoy triste
Yo ya aprendí
Y ahora no existes
Un vuelo a Madrid
Bebiendo Guinness
Ya no hablo de ti
Que ya me perdiste
Un enero pa' mí, que el pasado me lo jodiste
Fuiste egoísta y yo te valí
Y ahora camino sin ti
Y ahora camino sin ti",audio/12. HUMBE - 9071 km.flac
47,FEAR.,Kendrick Lamar,DAMN.,Hip-Hop/Rap,2017-04-13,"Poverty's paradise
I don't think I could find a way to make it on this earth
What's up, family? Yeah, it's your cousin Carl, man, just givin' you a call, man
I know you been havin' a lot on yo' mind lately
And I know you feel like, you know
People ain't been prayin' for you (yeah)
But you have to understand this, man, that we are a cursed people
Deuteronomy 28:28 says, ""The Lord shall smite thee with madness and blindness, and astonishment of heart""
See, family, that's why you feel like you feel
Like you got a chip on your shoulder
Until you follow His commandments, you gonna feel that way
Why God, why God, do I gotta suffer?
Pain in my heart carry burdens full of struggle
Why God, why God, do I gotta bleed?
Every stone thrown at you restin' at my feet
Why God, why God, do I gotta suffer?
Earth is no more, won't you burn this mother-?
I don't think I could find a way to make it on this earth
Akcuf'hum siht nrub uoy t'now erom on si htraE
Reffus attog I od doG yhw doG yhW
Teef ym ta 'nitser uoy ta nworht enots yrevE
Deelb attog I od doG yhw doG yhW
Elggurts fo lluf snedrub yrrac traeh ym ni niaP
Reffus attog I od doG yhw doG yhW
Teef ym ta 'nitser uoy ta nworht enots yrevE
I beat yo' ass, keep talkin' back
I beat yo' ass, who bought you that?
You stole it, I beat yo' ass if you say that game is broken
I beat yo' ass if you jump on my couch
I beat yo' ass if you walk in this house
With tears in your eyes, runnin' from Poo Poo and Prentice
Go back outside, I beat yo' ass, lil' -
That homework better be finished, I beat yo' ass (poverty's)
Your teachers better not be - 'bout you in class
That pizza better not be wasted, you eat it all (paradise)
That TV better not be loud if you got it on (I don't think I could find a way to make it on this earth)
Them Jordans better not get dirty when I just bought 'em
Better not hear 'bout you - on Keisha's daughter
Better not hear you got caught up
I beat yo' ass, you better not run to your father
I beat yo' ass, you know my patience runnin' thin
I got buku payments to make
County building's on my ass, tryna take my food stamps away
I beat yo' ass if you tell them social workers he live here
I beat yo' ass if I beat yo' ass twice and you still here
Seven years old, think you run this house by yourself?
-, you gon' fear me if you don't fear no one else
If I could smoke fear away, I'd roll that mother- up
And then I'd take two puffs
- - now (high), - - now (high)
- - now (poverty's), - - now (high)
Life's a -, pull them - to the side now (pull them - to the side now)
I don't think I could find a way to make it on this earth
I'll prolly die anonymous, I'll prolly die with promises
I'll prolly die walkin' back home from the candy house (yeah)
I'll prolly die because these colors are standin' out
I'll prolly die because I ain't know Demarcus was snitchin' (yeah)
I'll prolly die at these house parties, - with -
I'll prolly die from witnesses leavin' me falsed accused
I'll prolly die from thinkin' that me and your hood was cool (yeah)
Or maybe die from pressin' the line, actin' too extra
Or maybe die because these smokers are more than desperate
I'll prolly die from one of these bats and blue badges
Body-slammed on black and white paint, my bones snappin'
Or maybe die from panic or die from bein' too lax
Or die from waitin' on it, die 'cause I'm movin' too fast
I'll prolly die tryna buy - at the apartments (poverty)
I'll prolly die tryna defuse two homies arguin' (paradise)
I'll prolly die 'cause that's what you do when you're 17 (I don't think I could find a way to make it on this earth)
All worries in a hurry, I wish I controlled things
If I could smoke fear away, I'd roll that mother- up
And then I'd take two puffs (I've been hungry all my life, yeah)
- - now (high), - - now (high)
- - now (high), - - now (high)
Life's a -, pull 'em - to the side now (pull 'em - to the side now) now
When I was 27, I grew accustomed to more fear
Accumulated ten times over throughout the years
My newfound life made all of me magnified
How many accolades do I need to block denial?
The shock value of my success put bolts in me (poverty)
All this money, is God playin' a joke on me?
Is it for the moment, and will he see me as Job? (I don't think I could find a way to make it on this earth)
Take it from me and leave me worse than I was before?
At 27, my biggest fear was losin' it all (yeah)
Scared to spend money, had me sleepin' from hall to hall
Scared to go back to Section 8 with my mama stressin' (yeah)
Thirty shows a month, and I still won't buy me no Lexus
What is an advisor? Somebody that's holdin' my checks
Just to - me over and put my finances in debt? (Yeah)
I read a case about Rihanna's accountant and wondered
How did the Bad Girl feel when she looked at them numbers?
The type of - 'll make me flip out and just - somethin'
Drill somethin', get ill and fill ratchets with a lil' somethin'
I practiced runnin' from fear, guess I had some good luck
At 27 years old, my biggest fear was bein' judged
How they look at me reflect on myself, my family, my city (poverty)
What they say 'bout me reveal if my reputation would miss me
What they see from me would trickle down generations in time (I don't think I could find a way to make it on this earth)
What they hear from me would make 'em highlight my simplest lines
I'm talkin' fear, fear of losin' creativity
I'm talkin' fear, fear of missin' out on you and me
I'm talkin' fear, fear of losin' loyalty from pride
'Cause my DNA won't let me involve in the light of God
I'm talkin' fear, fear that my humbleness is gone
I'm talkin' fear, fear that love ain't livin' here no more
I'm talkin' fear, fear that it's wickedness or weakness
Fear, whatever it is, both is distinctive
Fear, what happens on Earth stays on Earth
And I can't take these feelings with me, so hopefully, they disperse
Within 14 tracks, carried out over wax
Searchin' for resolutions until somebody get back
Fear, what happens on Earth stays on Earth (poverty)
And I can't take these feelings with me, so hopefully they disperse
Within 14 tracks, carried out over wax (I don't think I could find a way to make it on this earth)
Wonderin' if I'm livin' through fear or livin' through rap, damn
God damn you, God damn me
God damn us, God damn we
God damn us all
Therefore I will punish you for all your iniquities""
So until we come back to these commandments
Until you come back to these commandments
We gonna feel this way, we gonna be under this curse
Because He said He's gonna punish us
The so-called Blacks, Hispanics, and Native American Indians
Are the true children of Israel
We are the Israelites, accordin' to the Bible
The children of Israel
He's gonna punish us for our iniquities, for our disobedience
Because we chose to follow other Gods
That man chastens his son, so the Lord, thy God, chasten thee
So, just like you chasten your own son, He's gonna chasten you
Because He loves you, so that's why we get chastised
That's why we're in the position that we're in
Until we come back to these laws, statutes, and commandments
And do what the Lord says, these curses is gonna be upon us
We gonna be at a lower state in this life that we live
Here, in today, in the United States of America
I love you, family, and I pray for you
God bless you
Shalom",audio/12. Kendrick Lamar - FEAR..flac
48,Like Him,"Tyler, The Creator",CHROMAKOPIA,Hip-Hop/Rap,2024-10-27,"she said that i make expressions like him
my legs to my shoulders and my chin like him
my waist and my posture like him
mama i'm chasing a ghost, i don't know who he is
mama i'm chasing a ghost, i don't know where he is
mama i'm chasing a ghost, do i look like him?
you gave me love, and affection
attention, protection
how could i ever miss something that i've never had?
i would never judge you
cause everything worked out without him
mama i'm chasing a ghost, i don't know who he is
mama i'm chasing a ghost, i don't know where he is
mama i'm chasing a ghost, do i look
let it go, i've decided to
anything that lives inside of you
i would never ever lie you
you ain't ever have to lie to me
i'm everything that i've strived to be
so do i look like him?
do i look like him?
i don't look like him","audio/12. Tyler, The Creator - Like Him.flac"
49,PIToRRO DE COCO,Bad Bunny,DeBÍ TiRAR MáS FOToS,World,2025-01-04,"Otra Navidad en la que te pedí
Otra Navidad que no estás aquí
Feliz Año Nuevo, pero no tan feliz
Te dieron un beso a las 12
Y no fui yo quien te lo di
Hace un año que yo estuve ahí
Hace un año que yo estuve ahí
Hace un año tu primer abrazo
Fue sólo pa' mí
Me tenías en las nube'
Y como un rayo caí
Caí, caí, y ahora
Ni una llamada, ni un solo mensaje
Los brother' me la montan
Dicen que estoy en un viaje
Son las 12:04 y ya estoy bien loco
Llorando y bebiendo
Pitorro de coco
Que me trajo abuelo pa' que vacilara
No pa' que por un cuero
A las 12 llorara
Rumba
Ey, ey
Te pedí pa' los Reye' y pa' Santa Clau'
Los Reyes picharon y Santa nunca llegó
Si tú no está' aquí, fue que así quiso Dio'
Siempre supe que era' mala
No te crea' que soy ciego
Yo cerraba los ojo' y te besaba de nuevo
Con el doble seis y doble cinco
Me trancaste el juego
Tú y yo somo' iguale', nos veremo' luego
Uh, uh, uh, ojalá no conozca otra como tú
Uh, uh, uh, tú ere' mala, te fuiste como la luz
Comoquiera me vino tu cara a las 12
Cuando el año se acabó
Uh, uh, uh, y me dolió
Que ni una llamada, ni un solo mensaje
Los brother' me la montan
Dicen que estoy en un viaje
Son las 12:04 y ya estoy bien loco
Llorando y bebiendo
Pitorro de coco
Que me trajo abuelo pa' que vacilara
No pa' que por un cuero
A las 12 llorara
Ten cuidao', Eduardo, ten cuidao'
Pero qué maldita",audio/13. Bad Bunny - PIToRRO DE COCO.flac
50,SÁBANAS,HUMBE,DUEÑO DEL CIELO,Desconocido,2025-12-06,"Apaga la televisión
Quiero silencio para dormir
Pareciera que no quiero compartir
Mis sábanas contigo
Tal vez aún no estoy listo para hacerte feliz (para hacerte feliz)
Para poder decidir mis problemas contigo (para poder decidir)
Lamento que te dolerá cuando diga
Que nuestro tiempo acabará aquí, no fue mentira
Prometo que sí lo sentía
Un amor que me consumía
Algo nos destruía
Más solo que Apollo sentado a mi lado con 48
Oyendo todo, penas mezcladas en odio
¿Qué más queda hacer? Si eso es lo que siento ahora
Desgastar mi set gris, perderme por horas
Ac en dieciséis
Acostarme, prender y fly away
'Cause sometimes I gotta fly away
Para conocerme
Eso digo para poder descansar mejor
Ahogando el temor para sentir algo
Small talk evitando
Que hoy ya no quiero salir de mi cuarto
Es un reflejo de mi interior
Es tan solo un reflejo
Queriendo confiar en mi yo
Pero a veces me siento un pendejo
En agua poder descansar
Darme tiempo de crecer
Tal vez encuentre mi paz
Cuando vuelva a aprender a dejarme amar
Todo va a cambiar
La vida va a ser diferente
Mi relación conmigo y con toda mi gente
Creo que ya puedes encender la televisión
Si estás aquí, no quiero dormir
Vamos a compartir
Nuestros traumas aquí (nuestros traumas aquí)
Hasta hacerlos finitos (hasta hacerlos finitos)
Ahora sí ya estoy listo
Para hacerte feliz
Para siempre estar aquí
Ih-ih-ih-ih
Ih-ih-ih-ih
Ih-ih-ih-ih
Ih
Odio todo (apaga)
Lo que haces (apaga la televisión)
Estoy tan roto (apaga)
Estoy tan solo (apaga)
Odio todo (apaga)
Lo que haces (apaga)
Estoy tan solo (apaga)
Estoy tan roto",audio/13. HUMBE - SÁBANAS.flac
51,GOD.,Kendrick Lamar,DAMN.,Hip-Hop/Rap,2017-04-13,"This what God feel like, huh, yeah
Laughing to the bank like, ""ah-ha, "" huh, yeah
Flex on swole like, ""ah-ha, "" huh, yeah
You feel some type of way then, ah-ha, huh, yeah
(A-ha-ha, a-ha-ha)
Ever since a young man (since a young man)
All I want to be was a gunman (was a gunman)
Shootin' up the charts, better run man
Y'all gotta see that I won, man
Slick as El DeBarge with the finger waves, work it, JT
Handle bars like a fade, watch me, work it, JT
I'm at large, running plays like a circuit, JT
I'm selling verses, JT, watch me work it, JT
Look, look, hold up
Don't judge me, my mama caught me with a strap
Don't judge me, I was young, fucking all the brats
Don't judge me, aimin' at your head for a stack
Don't judge me, don't judge me
Now, my home got a Valley peak
Don't judge me, if I press your line, you're a freak
Don't judge me, won't you tell a friend? Y'all gon' see
This what God feel like, huh, yeah
Laughing to the bank like, ""ah-ha, "" huh, yeah
Flex on swole like, ""ah-ha, "" huh, yeah
You feel some type of way then, ah-ha, huh, yeah
(A-ha-ha, a-ha-ha)
Fuck is you talking to?
Aye, do you know who you're talking to?
Slide on you like fallen drapes
God toss full of carnivals
I kill 'em with kindness
Or I kill 'em with diamonds
Or I put up like fifteen hundred
Get your ass killed by the finest
Everything life is a gamble
Nothing in life I can't handle
Seen it all, done it all, felt pain more
For the cars, I done put blood on sword
Everything I do is to embrace y'all
Everything I write is a damn eight-ball
Everything I touch is a damn gold mine
Everything I say is from an angel
I don't rush shit, fuck shit
Always your shit, my shit
Cannonballs to ignite shit
Morning to the night shift, I'm on
I ain't sorry for it, ask for a piece of mine
You charged me for it
I wanna see sometimes if you ignore it
I'm in the streets sometimes and can't afford it
I got a bad habit, levitate, ducking haters
Oh my, my heart is rich, my heart is famous
Ooh-ooh, ooh
Ooh-ooh, ooh
Ooh-ooh, ooh
This what God feel like, huh, yeah (this what God feel like)
Laughing to the bank like, ""ah-ha, "" (this what God feel like) (uh)
Yeah (this what God feel like)
Flex on swole like, ""ah-ha, "" (this what God feel like) (uh)
Yeah (this what God feel like)
You feel some type of way then (ah-ha) (this what God feel like), uh, yeah
This what God feel like
This what God feel like
Ooh-ooh, ooh
Ooh-ooh, ooh",audio/13. Kendrick Lamar - GOD..flac
52,Balloon,"Tyler, The Creator",CHROMAKOPIA,Hip-Hop/Rap,2024-10-27,"(Ooh)
(Ooh)
(Ooh)
(Ooh)
(Ooh)
(I wanna rock—, I wanna rock—, I wanna rock—, I wanna rock—, I wanna rock—)
(Don't stop—)

Yeah, we ain't talkin' to your dumbass
You could be a millionaire and still be a bum ass
Boy, I've been in a dream, I've been on a to—
(Don't stop, do-don't stop—)
(Okay, look) Why I work so hard? My soul profit
Why I can't settle down? I like options
Why I hate small talk? I like topics
House shoppin', I'm a pig, I love coppin', ugh
No BBLs, I like A cups, ugh
Long legs, pretty when they wake up, ugh
Niggas run they mouth, wanna race up
Everything real here, no lace front, okay
I doze during December, I slay
I don't even like girls, bitch, I'm way up too high
Bitch, I'm on my own dick, I don't need your box, ugh
Fuck them regrets (Ugh), call them and get all that weight off your chest (Huh)
Got my brothers here, we the Wayans
Not my only girl, but you my favorite
I've been flyin' high, where's the pavement?
Enough of me, can I get a amen?

Ooh (Don't stop—)
(Don't stop—)
Can I get a amen? (Don't stop—)
(Don't stop—)
(Don't stop—)
I'll air this bitch out like balloon (Don't stop—)
I'll send his bitch ass to the moon
I'm at the top, ain't no room (Don't stop—)

Aight, where the swamp is?
Flyest bitch up in the room, I need a cockpit (Need a cockpit)
I need some PETA for this pussy, they want the croc' print
I'm finna air these DL niggas out the closet
I let it in (Let it in), I let it out (Let it out)
I'm a bi bitch, but I need that pussy now
If he is gay, then I am gay, and we are nouns (We are nouns)
Me and Tyler finna take your bitch down
Oui oui, merci
Keep it cute when you're in my city
I'm 5'2"", A-cup titties
I don't need you, 'cause I already fuck me
I don't need a Range when I got an airboat
I don't need a plane, 'cause the airboat float (Don't stop—)
Out New York, walk around bare-toed
I don't need a passport, I'm a swamp bitch, oh-oh

(Don't stop—) Don't stop
(Don't stop—) Don't stop
(Don't stop—) Don't stop
(Don't stop—)
I air this bitch out like a queef
I'll see your ass back to the streets
I'll spray your whole block with le FLEUR*
He gon' eat this pussy out, 'cause it's sweet

(Ayy, ayy, ayy) Don't stop
(Ayy, ayy, ayy) Don't stop
(Ayy, ayy, ayy) Don't stop
(Ayy, ayy, ayy) Don't stop
(Ayy, ayy, ayy) Don't stop
(Ayy, ayy, ayy) Don't stop
Don't stop","audio/13. Tyler, The Creator - Balloon.flac"
53,LO QUE LE PASÓ A HAWAii,Bad Bunny,DeBÍ TiRAR MáS FOToS,World,2025-01-04,"Esto fue un sueño que yo tuve
Ella se ve bonita, aunque a veces le vaya mal
En los ojo' una sonrisa, aguantándose llorar
La espuma de su' orilla' parecieran de champán
Son alcohol pa las herida', pa la tristeza bailar
Son alcohol pa las herida', porque hay mucho que sanar
En el verde monte adentro, aún se puede respirar
Las nubes están más cerca, con Dios se puede hablar
Se oye al jíbaro llorando, otro má' que se marchó
No quería irse pa Orlando, pero el corrupto lo echó
Y no se sabe hasta cuando-
Quieren quitarme el río y también la playa
Quieren al barrio mío y que abuelita se vaya
No, no suelte' la bandera ni olvide' el lelolai
Que no quiero que hagan contigo lo que le pasó a Hawái
Aquí nadie quiso irse, quien se fue sueña con volver
Si algún día me tocara, que mucho me va a doler
Otra jíbara luchando, una que no se dejó
No quería irse tampoco y en la isla se quedó
Y no se sabe hasta cuando-
Quieren quitarme el río y también la playa
Quieren al barrio mío y que tus hijos se vayan
No, no suelte' la bandera ni olvide' el lelolai
Que no quiero que hagan contigo lo que le pasó a Hawái
No, no suelte' la bandera ni olvide' el lelolai
Que no quiero que hagan contigo
Lelolai, lelolai
Ay, ay, ay, ay, ay, lelolai",audio/14. Bad Bunny - LO QUE LE PASÓ A HAWAii.flac
54,MURALLAS,HUMBE,DUEÑO DEL CIELO,Desconocido,2025-12-06,"Hipnotizante
Tu mirada
Sé que es tarde
No te vayas
Porque solo quiero hablar contigo
Tomarnos una foto y enmarcarla
Y es que me duele y no puedo decirlo
Tienes algo que me tiene mal
Yo sentía que volaba
Paso en falso hacia la nada y me caí
Estaba bien, no me quebraba
Pecho lleno, todo en calma y luego te vi
Mando cartas al cielo
Preguntando por qué te mostró a mí
Conozco el sufrimiento
De amar y tener que dejarte ir
Las murallas que te rodean
Me mantienen admirando desde afuera
Quiero entrar y no me dejan
Solo ver de lejos es lo que me queda
Sé feliz en otra escena
En otra casa, otra vida, otra suegra
Otra familia que te ame a ciegas
Como yo
Solitario
Encerrado
Recordando
Mi pasado
Cómo odio este cuarto vacío
¿Cómo lleno lo que tú llenabas?
Puedo ver mi aliento por el frío
Ni mi propia sombra me acompaña
Desde niño yo soñaba
Con amor que me llenara, lo creí
Nadie oía, y yo gritaba
Sentimientos que callaba, quise huir
Mando cartas al cielo
Preguntando por qué te mostró a mí
Conozco el sufrimiento
De amarte y tener que dejarte ir
Las murallas que te rodean
Me mantienen admirando desde afuera
Quiero entrar y no me dejan
Solo ver de lejos es lo que me queda
Sé feliz en otra escena
En otra casa, otra vida, otra suegra
Otra familia que te ame a ciegas
Como yo
Como yo
Como yo, como yo (como yo, como yo)
Como yo (como yo, como yo)
(Como yo, como yo)
(Como yo, como yo) como yo
(Como yo, como yo)
(Como yo, como yo)
(Como yo, como yo)
(Como yo)
(Cuando todo tu mundo se estaba cayendo)
(Cuando no tenías absolutamente nada)
(Podías romantizar las nubes y volverlas tu hogar)
(Aunque tú no lo creas)
(Tú nunca perdiste la esperanza de reencontrarte)
(El simple hecho de que estés aquí hoy)
(Lo demuestra)
(Así que eso pienso)
(Si la esperanza muere, muere el alma)
(Pero ¿quieres saber qué es lo que defiende quién eres?)
(Es a lo que llaman resiliencia)
(El simple hecho de que cuando no eras nadie)
(Fuiste ""Dueño del cielo"")",audio/14. HUMBE - MURALLAS.flac
55,DUCKWORTH.,Kendrick Lamar,DAMN.,Hip-Hop/Rap,2017-04-13,"It was always me versus the world
Until I found it's me versus me
Why, why, why, why?
Why, why, why, why?
Just remember, what happens on Earth stays on Earth!
We gon' put it in reverse
Darling, I told you many times
And I am telling you once again
Just to remind you, sweetheart
That my-
Oh, Lamar, Hail Mary and marijuana, times is hard
Pray with the hooligans, shadows all in the dark
Fellowship with demons and relatives, I'm a star
Life is one funny mo'fucker
A true comedian, you gotta love him, you gotta trust him
I might be buggin', infomercials and no sleep
Introverted by my thoughts; children, listen, it gets deep
See, once upon a time inside the Nickerson Garden projects
The object was to process and digest poverty's dialect
Adaptation inevitable, gun violence, crack spot
Federal policies raid buildings and drug professionals
Anthony was the oldest of seven
Well-respected, calm and collected
Laughin' and jokin' made life easier, hard times, Momma on crack
A four-year-old tellin' his nanny he needed her
His family history, pimpin' and bangin'
He was meant to be dangerous
Clocked him a grip and start slangin'
15, scrapin' up his jeans with quarter pieces
Even got some head from a smoker last weekend
Dodged a policeman, workin' for his big homie
Small-time hustler, graduated to a brick on him
10, 000 dollars out of a project housing, that's on the daily
Seen his first mill' 20 years old, had a couple of babies
Had a couple of shooters
Caught a murder case, fingerprints on the gun they assumin'
But witnesses couldn't prove it
That was back when he turned his back and they killed his cousin
He beat the case and went back to hustlin'
Bird-shufflin', Anthony rang
The first in the projects with the two-tone Mustang
That 5.0 thing, they say 5-0 came
Circlin' parking lots and parking spots
And hoppin' out while harrassin' the corner blocks
Crooked cops told Anthony he should kick it
He brushed 'em off and walked back to the Kentucky Fried Chicken
See, at this chicken spot
There was a light-skinned nigga that talked a lot
With a curly top and a gap in his teeth
He worked the window, his name was Ducky
He came from the streets, the Robert Taylor Homes
Southside Projects, Chiraq, the Terror Dome
Drove to California with a woman on him and 500 dollars
They had a son, hopin' that he'd see college
Hustlin' on the side with a nine-to-five to freak it
Cadillac Seville, he'd ride his son around on weekends
Three-piece special with his name on the shirt pocket
'Cross the street from the projects, Anthony planned to rob it
Stuck up the place before, back in '84
That's when affiliation was really eight gears of war
So many relatives tellin' us, sellin' us devilish works
Killin' us, crime, intelligent, felonious
Prevalent proposition with 9's
Ducky was well-aware
They robbed the manager and shot a customer last year
He figured he'd get on these niggas' good sides
Free chicken every time Anthony posted in line
Two extra biscuits, Anthony liked him and then let him slide
They didn't kill him, in fact, it look like they're the last to survive
Pay attention, that one decision changed both of they lives
One curse at a time
Reverse the manifest and good karma, and I'll tell you why
You take two strangers and put 'em in random predicaments
Give 'em a soul so they can make their own choices and live with it
20 years later, them same strangers, you make 'em meet again
Inside recording studios where they reapin' their benefits
Then you start remindin' them about that chicken incident
Whoever thought the greatest rapper would be from coincidence?
Because if Anthony killed Ducky, Top Dawg could be servin' life
While I grew up without a father and die in a gunfight
So, I was takin' a walk the other day",audio/14. Kendrick Lamar - DUCKWORTH..flac
56,I Hope You Find Your Way Home,"Tyler, The Creator",CHROMAKOPIA,Hip-Hop/Rap,2024-10-27,"I hope you find your way home
I hope you find your way home
I (find your way home, yeah, hope you find your way home)
Hope you (hope you find your way home, I hope you find your way home)
Find your way home (I hope you find your way home, I hope you find your way home)
(I hope you find your way home, I hope you find your way home)
I (find your way home, I hope you find your way home)
Hope you (hope you find your way home, I hope you find your way home)
Find your way home (I hope you find your way home, I hope you find your way home)
I'm slippin', I'm slippin', I'm slippin', I'm slippin', I need a hand
Can you squeeze the man? (Come on)
My shit spinnin', spinnin', spinnin' like a ceiling fan
No alcohol, no pill in hand
My only vice is them sweets and them wheels I spin
You better calm that down
'Fore that nigga pop that round into your will not be found
Hot, hot glue with my palm like, ""Ooh, "" Spider-Man Velcro, nigga, I'm not you, I-
Almost had a mini me, I wasn't ready
And she wanted it with me, I'm talkin' heavy
Then we had to guarantee, ain't no confetti
Four million on that car, that's not a Chevy
See, that's my interest, so as of now
Raisin' a child is not on my wish list (nope)
Neither is bein' safety net for bitches
I'm too selfish, contradiction
Maybe I should before I'm too old and washed up like dishes (washed)
Never bite tongue 'til the tooth sore
If you was gon' apologize, fuck you shoot for? Phew-phew
When I pop out, they say, ""Ooh, Lord""
No Met Gala, but I'm everybody mood board
I did a whole collection, collections in Paris
They ain't even send me the collection to wear it
I'm so embarrassed, but happy that it happened
Fuck what you heard, I ain't coon, I ain't tappin'
Always some corn for you niggas who ain't cappin', haters
Always ride another nigga wave, you a sailor
You could never moonwalk in my Chuck Taylors, brodie
You niggas is jabronis
I'm from the city where they ran up in Saucony's
Thirty-one zeroes, shit thirsty, yuck
Bitch sue for a mil' tryna work me
Settled at a mil' 'cause that mil' couldn't hurt me (uh)
It didn't hurt me (uh)
Nah, it ain't hurt shit (uh)
Sent the motherfuckin' wire, did a backflip (mh)
And if I shoot the club up, it's a black bitch (don't say that)
On the plane by myself, I ain't pack shit (uh)
Yeah, eating candied yams and some catfish
Hmm, yeah, that rich
Fuck what you heard, I'm that nigga and I'm that bitch
I hope you find your way home
Real shit, I'm proud of you
I'm proud of you, bro
Like, you just never cease to amaze me, like, you just-
There's no words right now how I feel
Do your thing, just keep, keep shinin'
I hope you find your way home","audio/14. Tyler, The Creator - I Hope You Find Your Way Home.flac"
57,EoO,Bad Bunny,DeBÍ TiRAR MáS FOToS,World,2025-01-04,"Ella viene por ahí y nunca llega sola
Ella nunca llega sola
To' los bandi-di- se sueltan las pistola'
Esta noche lo que hay (dice)
Perreo, baby, sobeteo, baby
Tra-tra, baby, hasta abajo, baby
En la disco, baby, yo te cojo, baby
Tra-tra, baby, tra-tra, baby
Perreo, baby, sobeteo, baby
Tra-tra, baby, hasta abajo, baby
En la disco, baby, yo te cojo, baby (ey)
Tra-tra, baby, tra-tra, baby (ey)
Yo se la mamo y se pone contenta
Está wileá y ya cumplió los 30
Después de las doce no los cuenta
No la llame' en el jangueo si no quiere' que mienta
Tas escuchando el número uno en venta'
Por eso con nosotros nadiе inventa
Me siento como un bichotе en los noventa
Lo tengo parao, ven, pa que lo sienta'
Dale, mami, pégate, vírate
Si me miras mucho, sabes que voy a besarte
Dale, mami, pégate, vírate
Si te beso y me lo agarras, entonces vo'a llevarte
Mira, puñeta, no me quiten el pe-
Mami, yo sé que tú te vuelves loca
Cuando el perreo te azota
Pero obligao tú te acuerdas de mí
Si me ves por ahí
Mami, yo sé que tú te vuelves loca
Cuando el perreo te azota
Pero obligao tú te acuerdas de mí
De cuando te di
Perreo, baby, tra-tra, baby
En la disco, baby, vamo a darle, baby
Hasta abajo, baby, no te quites, baby
Bellaqueo, baby, tú y yo solos, baby
Perreo, baby, tra-tra, baby
En la disco, baby, te lo meto, baby
Aquí mismo, baby, delante de tu baby
Te compro la BM y también el AP
Ey, te doy deo bailando
Mami, toy testin', ey (dale)
Tráete a tu bestie
Que a las dos les bajamo el panty (tra)
Tiene a 20 en lista 'e waitin'
Te lo tiro en la espalda, body paintin'
Rompiendo la calle desde los twenty
Anda cazando, no está datin'
Rompe la calle
Siempre que sale
Mami, tú tas fit
Vo'a lamerte los abdominales
Rompe la calle
Siempre que sale
Me gustas porque tú y yo somo iguales
Siempre queremos perreo, -eo
Tú y yo estamo envuelto' en el bellaqueo
Cuando nos ponen perreo, -eo, ey
No me ronquen, cabrones, que acá no los veo
Tas escuchando música de Puerto Rico, cabrón
Nosotro nos criamo escuchando y cantando esto
En los caserío', en los barrio'
Desde los noventa hasta el 2000 por siempre
Y ando con el mejor de to' los tiempo', Tainy
Y yo no tengo que roncar, ustedes saben ya
Yeh-yeh-yeh-yeh, yeh-yeh-yeh-yeh
Bad Bunny, baby
Bad Bunny, baby, eh
Tainy, Tainy
Tainy, Tainy
Chequéate la historia",audio/15. Bad Bunny - EoO.flac
58,NIRVANA,HUMBE,DUEÑO DEL CIELO,Desconocido,2025-12-06,"Por un día tomando Dawa en Nairobi
Ir en moto por las mañanas
Sentir esa libertad
Hacerla una realidad, volverme en un niño
Y ya no pensar lo que viene mañana
Tener horas que perder
Solo estar nosotros tres
Viendo uno tras otro crecer
Nirvana en mí
Mis aliados, ellos conmigo
Prueban cada paso conmigo
Son mi par de Tony Robbins
Somos eslabones
Mi sangre hecha en dos
Fuentes de mi construcción
Rayos X de quien soy
Con la mano puesta en mi corazón
Pueden ver a través de mí
Soy transparente así
Vieron cada paso que yo di
Y se quedaron, mm
Cada matiz que hay aquí
Lo conocieron al fin
Nirvana en todo lugar, así
Un, dos, tres y...",audio/15. HUMBE - NIRVANA.flac
59,DtMF,Bad Bunny,DeBÍ TiRAR MáS FOToS,World,2025-01-04,"Eh, eh, eh, eh
Otro sunset bonito que veo en San Juan
Disfrutando de todas esas cosas que extrañan los que se van
Disfrutando de noche' de esas
Que ya no se dan
Que ya no se dan
Pero queriendo volver
A la última vez
Que a los ojos te miré
Y contarte las cosas que no te conté (te parece' a mi crush)
Y tirarte la' foto' que no te tiré
(Acho, jurao' te ves bien linda, déjame tirarte una foto)
Ey, tengo el pecho pelao', me dio una matá'
El corazón dándome patá'
Dime, baby, ¿dónde tú está'?
Pa' llegarle con Roro, Julito, Cristal
Roy, Edgar, Seba, Óscar, Dalnelly, Big J, tocando batá
Hoy la calle la dejamo' desbaratá'
Y sería cabrón que tú me toque' el güiro
Yo veo tu nombre y me salen suspiro'
No sé si son petardo' o si son tiro'
Mi blanquita, perico, mi kilo
Yo estoy en PR, tranquilo, pero
Debí tirar más fotos de cuando te tuve
Debí darte más beso' y abrazo' las vece' que pude
Ey, ojalá que los mío' nunca se muden
Y si hoy me emborracho, pues que me ayuden
Debí tirar más foto' de cuando te tuve
Debí darte más beso' y abrazo' las veces que pude
Ojalá que los mío' nunca se muden
Y si hoy me emborracho, pues que me ayuden
Ey, hoy voy a estar con abuelo to' el día
Jugando dominó
Si me pregunta si aún pienso en ti
Yo le digo que no
Que mi estadía cerquita de ti ya se terminó
Ya se terminó
Ey, que prendan la' máquina', voy pa' Santurce
Aquí todavía se da caña, chequéate las babie'
Diablo, mami, qué dulce
Hoy yo quiero beber, beber, beber
Y hablar mierda hasta que me expulsen
'Toy bien loco ('toy bien loco)
'Toy bien loco ('toy bien loco)
Cabrón, guía tú, que hasta caminando yo estoy que choco
'Toy bien loco ('toy bien loco)
'Toy bien loco ('toy bien loco)
Vamo' a disfrutar, que nunca se sabe si nos queda poco
Debí tirar más f-
Gente, lo' quiero con cojone', los amo
Gracias por estar aquí, de verdad
Para mí e' bien importante que estén aquí
Cada uno de ustede' significa mucho para mí
Así que, vamo' pa' la foto, vengan pa'cá
Métase to' el mundo, to' el corillo, vamo'
Zumba
Ya Bernie tiene el nene y Jan la nena
Ya no estamo' pa' la movie' y las cadena'
'Tamos pa' las cosa' que valgan la pena
Ey, pa'l perreo, la salsa, la bomba y la plena
Chequéate la mía cómo es que suena
Debí tirar más fotos de cuando te tuve
Debí darte más besos y abrazo' las veces que pude
Ojalá que los mío' nunca se muden
Y que tú me envíe' más nude'
Y si hoy me emborracho, que Beno me ayude (ay, wuh)",audio/16. Bad Bunny - DtMF.flac
60,CARRUSEL,HUMBE,DUEÑO DEL CIELO,Desconocido,2025-12-06,"Me voy
Interrogando todo lo que soy
Si en verdad yo puedo darte amor
Que pueda flotarte y darte orgullo
Algo puro
Sin carecer, lo que sé que mereces tener
Que la vida me enseñó que yo no puedo, no puedo
Y por más que intento, se va cayendo todo
De mí
Si todo lo que yo era te lo di
Y no volví
A temerle a la muerte, sabiendo que estuve ahí
Me desespera
Que algo tan bueno llegue a mi vida y nunca se queda
Tal vez me subí a un carrusel y no quiero vueltas
No me malentiendas
Aunque no parezca, aunque yo no pueda, yo quiero darte amor
Que pueda flotarte y darte orgullo
Algo puro
Que ahora sí tú sientas todo
Al fin
Que tengas más de lo que hayas pedido
Y seas feliz
Rellenando el vacío que llevas dentro de ti
Rellenando el vacío que llevas dentro de ti
Dentro de ti
Sé feliz
Sé feliz
Sé feliz
Sé feliz
Sé feliz aunque yo no esté ahí
Sé feliz aunque yo no esté ahí
Sé feliz (sé feliz)
Sé feliz (sé feliz)
Sé feliz aunque yo no esté ahí
Sé feliz
Sé feliz
Sé feliz aunque yo no me encuentre ahí
Sé feliz
Sé feliz
Sé feliz (sé feliz aunque yo no esté ahí)
Uh-uh-uh-uh-uh
Sé feliz (Feliz)
Uh-uh-uh-uh-uh",audio/16. HUMBE - CARRUSEL.flac
61,LA MuDANZA,Bad Bunny,DeBÍ TiRAR MáS FOToS,World,2025-01-04,"Benito, hijo de Benito, le decían ""Tito""
El mayor de seis, trabajando desde chamaquito
Guiando camione' como el pai y el abuelo
Aunque su sueño siempre fue ser ingeniero
Un día Tonito lo invitó pa' hacer una mudanza
Pa' buscarse alguito, par de peso' pa' algo alcanza
Gracia' a Dios que ese día no estaba busy
Porque en la mudanza fue donde conoció a Lysi
La menor de tre' que se criaron con Doña Juanita
Porque su papá y mamá partieron estando chiquita'
Prometió graduarse ante' de casarse y lo cumplió
Diciembre del 92 con Tito se casó
Ante' de irse pa' Almirante donde se conocieron
Vivieron en Morovis en donde hicieron al nene
Que en Bayamón por primera vez vieron
Un aplauso pa' mami y papi porque en verda' rompieron
Ea, diablo
Rumba
Gracia', mami, por parirme aquí, je, ey
El mejor de la nueva porque me crie en la vieja
Gracia' a mami y papi por to' los jalón de oreja'
Nunca me han visto en la calle ni en los podcast dando queja'
Tratan de medir fuerza y no pueden ni en pareja
Calle Sol, Calle Luna, estoy en la noche oscura
Yo no canto reggae, pero soy cultura
De Borinquen, PR, Archipiélago Perfecto
En el mundo entero ya conocen mi dialecto, mi jerga
A mí me importa un bicho lo que a ti te vale verga
Aquí mataron gente por sacar la bandera
Por eso es que ahora yo la llevo donde quiera
Cabrón, ¿qué fue? (Ja)
Esto está peligroso
Si mañana muero, yo espero que nunca olviden mi rostro
Y pongan un tema mío el día que traigan a Hostos
En la caja la bandera azul clarito
Y que recuerden que siempre fui yo, siempre fui Benito
¿Meterle más que yo? Tú ere' loco
Nah, cabrón, tú ere' loco
Lo que tú diga' me importa poco
A mí me quieren como a Tito y soy serio como Cotto
Lugia, Ho-Oh, cabrón, yo soy legendario
Le meto con cojone' y con ovario'
Millonario sin dejar de ser del barrio, pa' que sepa'
Aprieta, chamaquito, aprieta
De aquí nadie me saca
De aquí yo no me muevo
Dile que esta es mi casa
Donde nació mi abuelo
De aquí nadie me saca
De aquí yo no me muevo
Dile que esta es mi casa
Donde nació mi abuelo
Yo soy de P fuckin' R (ah, ¿cómo? Dice)
Yo soy de P fuckin' R (ay, vamo' a ver, dale, que venga pa'cá)
(Ey, ey, ey, ey)
Yo soy de P fuckin' R (uy, ahora, ahora, ahora)
Yo soy de P fuckin' R (viva)",audio/17. Bad Bunny - LA MuDANZA.flac
62,FÉNIX,HUMBE,DUEÑO DEL CIELO,Desconocido,2025-12-06,"Ya no se siente nada
Me falta la emoción
Que antes me invadía
Ya no me siento yo
Lloro sin descanso, me queda la ilusión
Que tú regresaras y fuera tu decisión
Y yo te esperaba y nunca fue una obligación
Vida en simulacro, fuiste la explosión
Y me salieron mil raíces de tanto esperarte a ti
De tanto imaginarme que era alguien importante para ti
Y de tantas cicatrices que tú me dejaste aquí
Esa herida que dejaste era importante para mí
Y lo daría todo, perderme mi vejez
Mi vida por la tuya, por la reina doy al rey
Y lo daría todo, y cuando ya no esté
Seremos como un fénix, de cenizas renacer
Renacer
Y todo lo daba por ti, ¿qué quedaba?
Un cuerpo sin alma
Razones por cuales vivir
No se me ocurre nada
Y yo sé que algún día todo el dolor
Se hará parte de mí
Y en el medio de guerras perdidas
Fue que tú me dejaste ahí
Y me crecieron mil raíces de tanto esperarte a ti
De tanto recordarme que lo bueno tarda tiempo en venir
Tengo tantas cicatrices que ahora vivirán en mí
Recordándome que a veces el amor nos puede herir
Y lo daría todo por verme otra vez
Contento con mi vida, estar en paces con mi ser
Y lo daría todo, mi piel, mi lucidez
Volverme como un fénix y de amor poder arder
Poder arder
Poder arder
Poder arder",audio/17. HUMBE - FÉNIX.flac
63,MAGIA OSCURA,HUMBE,DUEÑO DEL CIELO,Desconocido,2025-12-06,"Vivo en las olas
¿Cómo controlo el mar?
Ya nada importa
Quiero recuperarte
No sé cómo hacer para que vuelva
Lo que algún día era
Mmm
Sabes, contigo perdí la guerra
Muerto en la trinchera
Era 4 de enero
Comenzando mi año acabó nuestro tiempo
Nos dimos un break y yo solo quería darnos otro intento
14 de febrero
Me siento más solo que estando soltero
Quilates que di, sé por buena fuente
Se los regresaste al joyero
Y dicen por ahí
Que caí una vez más en el mismo agujero
""Vive de noche, toma to' el día
Fuma de nuevo""
Y yo debo domar el dolor
Darme un poco de valor
Solo quiero estar mejor
Hice de todo y nada cambió
Así que le ofrecí al sol mi voz
Porque me regrese la tuya
Tal vez aún no respondió
Porque pertenece a la luna
Eterna negociación
Me conecto con magia oscura
Necesito redención
Que alguien me consiga la cura
Fe ciega sin garantía
De que tú vuelvas un día
Un pacto por tu venida
Tu alma conmigo, yo cambio la mía
No sé lo que quedaría
Arañas, casa vacía
Ecos de amor sin salida
Un minuto contigo, yo cambio mi vida
Un minuto contigo, yo cambio mi vida
Un minuto contigo, yo cambio mi vida
Un minuto contigo, un minuto contigo
Y yo cambio mi vida
(Un minuto) un minuto contigo, yo cambio mi vida
(Un minuto) un minuto contigo, yo cambio mi vida
Un minuto contigo, un minuto contigo
Y yo cambio mi vida
No sé cómo hacer para que vuelva
Lo que algún día era
Mmm
Sabes, contigo perdí la guerra
Muerto en la trinchera
No sé cómo hacer para que vuelva
Lo que algún día era
Mmm
Sabes, contigo perdí la guerra
Muerto en la trinchera
Fe ciega sin garantía
De que tú vuelvas un día
Un pacto por tu venida
Tu alma conmigo, yo cambio la mía
No sé lo que quedaría
Arañas, casa vacía
Ecos de amor sin salida
Tu alma conmigo, yo cambio la mía
Fe ciega sin garantía
De que tú vuelvas un día
Un pacto por tu venida
Tu alma conmigo, yo cambio la mía
No sé lo que quedaría
Arañas, casa vacía
Ecos de amor sin salida
Tu alma conmigo, yo cambio la mía",audio/18. HUMBE - MAGIA OSCURA.flac
64,ORIGAMIIIIIIIIIII,HUMBE,DUEÑO DEL CIELO,Desconocido,2025-12-06,"Ya le conté a mis amigos de ti
Cómo moviste y retapizaste cada centímetro en mí
Todo sentí, poco sufrí
Yo no decidí sentirme así
Me debilitaste
Mi tiempo adornaste y lo permití
Y pude ver colores que no existían
Vi matices que antes no veía
Las texturas que no conocía
Y como origami, tan delicado, fuiste formando mi vida
Todo esto en un par de días
Dime quién se lo imaginaría
Que vendrías hasta la sequía
Yo te pienso todavía, mala mía, mmm
Energía, mmm
Compañía que da pie a melodías, que me calman y me sanan
Controlan el agua
Pones nubes en mis pies, me haces sentir que estas botas tienen alas
Enséñame a usarlas
Olimpiadas en el cielo, voy corriendo sin temer a que me caiga
Traigo las talarias
Yo no sé qué hubiera sido de mí, fuiste como un respiro
Llegaste a mi vida y me diste voz
Voz, voz
Me hiciste sentir especial
Me diste todo lo esencial
Llegaste como un tsunami
Me moldeaste
Me formaste a tu gusto, origami
Origami
Construyendo una adicción
¿Será sanidad o devoción?
Siento un lugar en tu hogar
Tal vez sea una prisión
Pero me quiero quedar a vivir
En mi daily verte a ti
Zenith, tierra, aire, sol
Siento todo cerca de mí
Escenario perfecto
Se conecta conmigo
Desde que tú llegaste
Me tocaste
Y trajiste un tsunami
Me moldeaste
Me formaste a tu gusto, origami
Origami",audio/19. HUMBE - ORIGAMIIIIIIIIIII.flac
65,PUPILAS,HUMBE,DUEÑO DEL CIELO,Desconocido,2025-12-06,"Se expanden mis pupilas
Mirando para atrás
Recuerdos en resina
Que no volverán jamás
Pero les queda vida
Aquí dentro de mí
El fin de la avenida
Que yo mismo construí
Siento que me traiciono
Por cambiar de versión
Con las mismas pupilas
Enfocaban sin prisa
En paces con el tiempo
Ya no pido aumentos
Me dejó mi sonrisa
Con la piel más caída
Y me arreglé
Con el traje de mi abuelo que ajusté
Intenté llenar las botas de mi padre
Abrí el ataúd para mirarme
Y ahora sé
Si cortamos ramas, vamos a crecer
Para regresar es demasiado tarde
Y para renacer hay que enterrarse
Mmm-mmm-mmm
Mmm-mmm-mmm
Uh-uh-uh-uh-uh
Mmm-mmm-mmm
Uh-uh-uh-uh-uh
Mmm-mmm-mmm-oh-oh
Mmm-mmm-mmm",audio/20. HUMBE - PUPILAS.flac
66,fantasmas,HUMBE,DUEÑO DEL CIELO,Desconocido,2025-12-06,"Del gran sueño
No me quiero despertar
Y me falla
Un poco más mi realidad
Aún los llevo
Pasando por la yugular
Y el recuerdo
Se convierte temporal
En esta casa no existen fantasmas
Son puros recuerdos
De tiempos ajenos
De buenos momentos
En el cielo volaban los buitres
Que auguran deceso
El fin de los tiempos
Nos hacemos eternos
Tantas fotos llenando los marcos
Mi propio museo
No hay muchos trofeos
Con ustedes, tengo
Y aunque te lleve en la sangre
Me duele sentirte tan lejos
Destellas el cielo
Y ahora te celebro
Lo sigo intentando
Tan cerca el impacto
Hay que ser bien fuertes
Pa' ver a la muerte
Derecho y honrado
Cansa'o de pensarlo, oh
No puedo evitarlo
Quiero estar juntitos
Tomarme contigo un último trago
Oh-oh, oh-oh-oh
(Un último trago)
Ya viví lo que pude vivir
Perdón que me tenga que ir
En la noche, conquisto el silencio
Y la ausencia del ruido genera un vacío
Perdón que me tenga que ir
Perdón que me tenga que ir
Oh, oh, oh, oh-oh-oh-oh
En esta casa no existen fantasmas
Son puros recuerdos
Son mil sentimientos
De lo que vivimos
Cuando tú estabas aquí",audio/21. HUMBE - fantasmas.flac
67,Morfina,HUMBE,DUEÑO DEL CIELO,Desconocido,2025-12-06,"No es real yo pensar
Que amar limitaba hasta ahí
No volaba sin ti
Tú llegaste a cambiar
A enseñarme que sí puedo llegar
A verme en alguien más, mmm-mmm-mmm
Admito que es real
Me enseñaste que el amor
Es infinito y que
Me busque más
Ya no duele nada
Llenas de morfina mi inseguridad
Dulce eternidad
Mmm-mmm-mmm, es verdad
Te amará mi alma
Cuando mi cabeza deje de pensar
Cuando no haya tiempo
Y este corazón deje de palpitar, mmm-mmm
Deje de palpitar
Yo quiero que me entierren
Junto a ti
Bajo el sauce que sembramos
Que nos junte la raíz
En amor siempre empatarnos
Enlazarnos hasta el fin
Ascender junto a ti
Junto a ti
Y aceptamos nuestro final
Nada malo a tu lado
Sentarnos a existir
Y empalagarnos de amarnos tanto
Fue nuclear coincidir
Al contacto detonamos
No nos preocupamos
Nadie nos detiene a los dos
Cuando estamos juntos
Siento cómo el mundo gira alrededor
Cuando tú me abrazas
Siento que le quitas el calor al sol
Morfina a mi dolor, mmm
Y estoy yo
Aquí y en otra vida
Para protegerte siempre del dolor
Sostenerte fuerte
Y cuando estés abajo ser tu propulsor
Ser morfina a tu dolor
Tu morfina, mi morfina
Háblame mientras termina
Endorfina que me arruina
Me apendeja, me da vida
Tu morfina, mi morfina
Háblame mientras termina
Endorfina que me arruina
Me apendeja y me da vida
¿Qué onda, hijo?
Vengo de la oficina
Ya compré menudo y barbacoa para tu mamá
Este, todo bien, hijo, todo en orden
Ya te quiero ver, hijo y
Y aquí estoy escuchando tus temas todos los días
Este, te amo, chaparro
Ahí cualquier cosa me hablas
Bye",audio/22. HUMBE - Morfina.flac
